x,y,L,t, 20, 1
0.0, 0.0, 0.0, 32, 0.0, 0.0, 0.0, 0.0, 0.0, 0.0
 
 
0.0, 0.0, 0.0, 55, 0.0, 0.0, 0.0, 0.0, 0.0, 0.0
 
 
-0.02355750934645473, -0.0004571662202905953, -0.02356194490192345, 78, -0.06981317007977318, 0.05235987755982988, -0.02355750934645473, -0.0004571662202905953, -0.02356194490192345, 0.01940395462511343
 
 
-0.02355750934645472, -0.000457166220290595, -0.02356194490192345, 94, -0.1570796326794897, 0.1396263401595464, 6.931190864048267e-18, 3.268666636638458e-19, 6.938893903907228e-18, 0.04712388980384691
 
 
-0.02355750934645468, -0.0004571662202905912, -0.02356194490192341, 112, -0.3141592653589793, 0.296705972839036, 3.798444196748441e-17, 3.696848504017533e-18, 3.816391647148976e-17, 0.09701977312556714
 
 
-0.02355750934645476, -0.0004571662202906023, -0.02356194490192348, 130, -0.4886921905584122, 0.471238898038469, -7.201326680557766e-17, -1.106498139203165e-17, -7.28583859910259e-17, 0.1524596434830341
 
 
-0.04657084616907285, -0.005512022879980152, -0.04712388980384697, 148, -0.6981317007977318, 0.6632251157578452, -0.0230133368226181, -0.005054856659689549, -0.02356194490192348, 0.2162154943941211
 
 
-0.02392632430882335, 0.0009988048156333342, -0.02356194490192333, 164, -0.8901179185171079, 0.8726646259971648, 0.0226445218602495, 0.006510827695613486, 0.02356194490192363, 0.2799713453052081
 
 
-0.001832036041365032, 0.009184626308661656, 0.0, 184, -1.117010721276371, 1.117010721276371, 0.02209428826745832, 0.008185821493028323, 0.02356194490192333, 0.3548151702877884
 
 
-0.04483449347352772, -0.01008840264477863, -0.04712388980384697, 201, -1.343903524035634, 1.308996938995747, -0.04300245743216269, -0.01927302895344028, -0.04712388980384697, 0.4213430147167488
 
 
-0.1907395274922758, -0.08699625776043241, -0.2120575041173108, 220, -1.605702911834783, 1.448623279155294, -0.1459050340187481, -0.07690785511565378, -0.1649336143134638, 0.4850988656278357
 
 
-0.4347709485666846, -0.2297984327341646, -0.4948008429403922, 238, -1.850049007113989, 1.48352986419518, -0.2440314210744088, -0.1428021749737321, -0.2827433388230815, 0.5294507619138093
 
 
-0.7147472777523785, -0.4042279130914542, -0.8246680715673204, 255, -2.059488517353309, 1.448623279155294, -0.2799763291856938, -0.1744294803572897, -0.3298672286269281, 0.5571706970925428
 
 
-1.088691706320736, -0.6503584043197983, -1.272345024703867, 273, -2.303834612632515, 1.361356816555577, -0.3739444285683575, -0.2461304912283441, -0.4476769531365462, 0.5821186387534029
 
 
-1.784020189637634, -1.1361695416228, -2.12057504117311, 301, -2.705260340591211, 1.134464013796314, -0.695328483316898, -0.4858111373030016, -0.8482300164692438, 0.6098385739321364
 
 
-2.402089952585988, -1.568001663669913, -2.874557278034661, 322, -2.984513020910303, 0.8552113334772214, -0.6180697629483543, -0.4318321220471128, -0.7539822368615505, 0.6098385739321364
 
 
-3.127417796761279, -2.092937979752643, -3.769911184307752, 349, -3.368485456349056, 0.5759586531581288, -0.7253278441752907, -0.5249363160827301, -0.8953539062730908, 0.6264705350393766
 
 
-3.832238527117109, -2.606015909478782, -4.641703145678919, 372, -3.700098014227978, 0.2617993877991494, -0.7048207303558305, -0.5130779297261392, -0.8717919613711675, 0.6292425285572499
 
 
-4.497612909423149, -3.09320617994138, -5.466371217246239, 394, -4.014257279586958, -0.03490658503988659, -0.6653743823060388, -0.4871902704625983, -0.82466807156732, 0.6320145220751231
 
 
-5.143976595091873, -3.566476728390763, -6.267477343911637, 415, -4.310963252425994, -0.3316125578789226, -0.6463636856687247, -0.473270548449382, -0.801106126665398, 0.6320145220751233
 
 
-5.696403654019417, -3.968618889527467, -6.950773746067418, 432, -4.5553093477052, -0.5934119456780721, -0.5524270589275436, -0.4021421611367043, -0.683296402155781, 0.6292425285572499
 
 
-6.267879921875495, -4.38462802173785, -7.657632093125121, 451, -4.817108735504349, -0.8552113334772214, -0.5714762678560784, -0.4160091322103828, -0.706858347057703, 0.6292425285572497
 
 
-6.801257771874502, -4.772903211800874, -8.317366550378978, 468, -5.061454830783555, -1.099557428756428, -0.5333778499990068, -0.3882751900630241, -0.6597344572538564, 0.6292425285572497
 
 
-7.431147741816202, -5.228768959977982, -9.094910732142452, 487, -5.340707511102648, -1.396263401595464, -0.6298899699417005, -0.4558657481771081, -0.7775441817634743, 0.6264705350393765
 
 
-7.889249538137439, -5.56030768592497, -9.660397409788615, 501, -5.550147021341968, -1.605702911834783, -0.4581017963212367, -0.3315387259469877, -0.5654866776461631, 0.6264705350393766
 
 
-8.500051933232422, -6.002359320520954, -10.41437964665017, 520, -5.829399701661061, -1.884955592153876, -0.6108023950949827, -0.442051634595984, -0.7539822368615514, 0.6264705350393766
 
 
-9.074967924809075, -6.413601737392777, -11.12123799370787, 538, -6.073745796940266, -2.164208272472969, -0.5749159915766527, -0.4112424168718233, -0.7068583470577003, 0.6209265480036298
 
 
-9.611556183613953, -6.797427993139814, -11.78097245096172, 555, -6.318091892219472, -2.408554367752175, -0.5365882588048781, -0.3838262557470367, -0.6597344572538564, 0.6209265480036298
 
 
-10.18647217519061, -7.20867041001164, -12.48783079801943, 572, -6.579891280018622, -2.670353755551324, -0.5749159915766571, -0.4112424168718264, -0.7068583470577057, 0.6209265480036298
 
 
-11.03301320722847, -7.807141963516814, -13.52455637370406, 598, -6.946410422937432, -3.07177948351002, -0.8465410320378655, -0.5984715535051732, -1.036725575684631, 0.6153825609678831
 
 
-11.57172113670712, -8.18798749756556, -14.18429083095792, 615, -7.190756518216637, -3.316125578789226, -0.5387079294786419, -0.3808455340487466, -0.6597344572538564, 0.615382560967883
 
 
-12.11042906618576, -8.568833031614307, -14.84402528821177, 631, -7.435102613495844, -3.560471674068432, -0.5387079294786419, -0.3808455340487467, -0.6597344572538564, 0.6153825609678831
 
 
-12.76712818931839, -9.027654661289365, -15.64513141487717, 651, -7.714355293814937, -3.874630939427412, -0.6566991231326275, -0.4588216296750582, -0.8011061266653989, 0.6098385739321364
 
 
-13.34656859208247, -9.432497275708531, -16.35198976193488, 669, -7.976154681614086, -4.136430327226561, -0.5794404027640808, -0.4048426144191674, -0.7068583470577021, 0.6098385739321364
 
 
-14.2772500780271, -10.075095674478, -17.4829631172272, 697, -8.377580409572781, -4.572762640225144, -0.9306814859446288, -0.6425983987694648, -1.130973355292326, 0.6042945868963895
 
 
-14.87946330271117, -10.48843939938742, -18.21338340918683, 715, -8.639379797371932, -4.852015320544236, -0.6022132246840725, -0.4133437249094268, -0.7304202919596285, 0.6015225933785163
 
 
-15.67745119051523, -11.03290988717214, -19.17942315016569, 740, -8.988445647770797, -5.218534463463045, -0.797987887804055, -0.5444704877847169, -0.9660397409788608, 0.598750599860643
 
 
-16.33919724381615, -11.48442199899361, -19.98052927683108, 760, -9.285151620609833, -5.515240436302081, -0.6617460533009226, -0.4515121118214717, -0.8011061266653954, 0.5987505998606429
 
 
-16.98269248593026, -11.92087225729429, -20.75807345859456, 779, -9.564404300928926, -5.811946409141117, -0.6434952421141144, -0.4364502583006774, -0.7775441817634743, 0.5959786063427695
 
 
-17.7055408618625, -12.40822372115124, -21.62986541996573, 801, -9.878563566287905, -6.14355896702004, -0.7228483759322348, -0.4873514638569526, -0.8717919613711658, 0.5932066128248962
 
 
-18.31230011851864, -12.81486484962753, -22.36028571192536, 819, -10.14036295408705, -6.422811647339132, -0.6067592566561451, -0.4066411284762909, -0.7304202919596285, 0.590434619307023
 
 
-18.89948649592781, -13.20838852234652, -23.06714405898306, 837, -10.4021623418862, -6.684611035138281, -0.5871863774091716, -0.3935236727189905, -0.7068583470577039, 0.590434619307023
 
 
-19.58580728857797, -13.66559875608875, -23.89181213055038, 858, -10.69886831472524, -6.998770300497261, -0.6863207926501612, -0.4572102337422217, -0.82466807156732, 0.5876626257891494
 
 
-20.15552102006894, -14.04285230126715, -24.57510853270616, 875, -10.94321441000445, -7.260569688296411, -0.5697137314909711, -0.3772535451783996, -0.6832964021557828, 0.584890632271276
 
 
-20.76564087720679, -14.44443362906076, -25.30552882466579, 893, -11.2050137978036, -7.539822368615503, -0.610119857137844, -0.4015813277936124, -0.730420291959625, 0.5821186387534027
 
 
-21.33743733146848, -14.81852290729897, -25.98882522682157, 911, -11.4493598930828, -7.801621756414653, -0.5717964542616937, -0.3740892782382131, -0.6832964021557792, 0.5793466452355292
 
 
-21.92895090484265, -15.20551181582126, -26.69568357387927, 929, -11.71115928088195, -8.063421144213804, -0.5915135733741669, -0.38698890852229, -0.7068583470577039, 0.5793466452355291
 
 
-22.54128773601619, -15.60370449291959, -27.4261038658389, 947, -11.9729586686811, -8.342673824532895, -0.6123368311735449, -0.3981926770983247, -0.7304202919596285, 0.5765746517176565
 
 
-23.07557267623795, -15.94903776401347, -28.06227637819083, 962, -12.19985147144036, -8.587019919812102, -0.5342849402217565, -0.3453332710938883, -0.6361725123519335, 0.5738026581997827
 
 
-23.72975507919904, -16.36929998959445, -28.8398205599543, 981, -12.47910415175946, -8.883725892651137, -0.6541824029610915, -0.4202622255809787, -0.7775441817634707, 0.5710306646819098
 
 
-24.36411377297949, -16.77682699621844, -29.59380279681586, 1001, -12.75835683207855, -9.16297857297023, -0.6343586937804574, -0.4075270066239822, -0.7539822368615532, 0.5710306646819095
 
 
-24.95882504839867, -17.15888356492842, -30.30066114387356, 1018, -13.0201562198777, -9.424777960769379, -0.5947112754191769, -0.3820565687099822, -0.7068583470577039, 0.5710306646819095
 
 
-25.55564529019368, -17.5376372075365, -31.00751949093126, 1035, -13.26450231515691, -9.704030641088472, -0.5968202417950115, -0.3787536426080789, -0.7068583470577003, 0.5654866776461629
 
 
-26.25070801231318, -17.98144486923512, -31.83218756249858, 1057, -13.57866158051589, -10.00073661392751, -0.6950627221194989, -0.4438076616986242, -0.8246680715673236, 0.5682586711640364
 
 
-26.70665332346788, -18.27435490524611, -32.37411229524283, 1072, -13.7881010907552, -10.19272283164689, -0.4559453111547043, -0.2929100360109876, -0.541924732744242, 0.5710306646819095
 
 
-27.48222122842174, -18.80985357088733, -33.31659009131976, 1103, -14.24188669627373, -10.43706892692609, -0.7755679049538554, -0.5354986656412194, -0.9424777960769362, 0.6042945868963896
 
 
-27.82161464261491, -19.06418730953039, -33.74070509955438, 1123, -14.52113937659282, -10.47197551196598, -0.3393934141931665, -0.2543337386430662, -0.4241150082346223, 0.6431024961466166
 
 
-28.2546532611736, -19.42785300413476, -34.30619177720055, 1149, -14.90511181203158, -10.50688209700587, -0.4330386185586878, -0.3636656946043699, -0.5654866776461631, 0.6985423665040837
 
 
-28.64221328968183, -19.77208723270937, -34.82455456504286, 1170, -15.18436449235067, -10.61160185212552, -0.3875600285082322, -0.3442342285746058, -0.5183627878423138, 0.7262623016828171
 
 
-29.04033072730045, -20.1397622547382, -35.3664792977871, 1188, -15.44616388014982, -10.75122819228507, -0.39811743761862, -0.3676750220288323, -0.541924732744242, 0.7456662563079303
 
 
-29.51748420568546, -20.59536527508939, -36.02621375504096, 1209, -15.74286985298885, -10.94321441000445, -0.4771534783850157, -0.4556030203511808, -0.6597344572538546, 0.7622982174151707
 
 
-29.94011656049826, -21.00568243582141, -36.61526237758904, 1225, -15.98721594826806, -11.13520062772382, -0.4226323548127942, -0.4103171607320218, -0.5890486225480842, 0.7706141979687903
 
 
-30.37728168213053, -21.43484250360458, -37.22787294503905, 1243, -16.23156204354727, -11.34464013796314, -0.4371651216322695, -0.4291600677831764, -0.6126105674500053, 0.7761581850045371
 
 
-30.89709661498697, -21.94797624687806, -37.95829323699869, 1263, -16.51081472386636, -11.60643952576229, -0.5198149328564453, -0.5131337432734801, -0.7304202919596392, 0.7789301785224103
 
 
-31.3820425985501, -22.42935070218808, -38.64158963915446, 1281, -16.77261411166551, -11.8507856210415, -0.4849459835631332, -0.4813744553100142, -0.6832964021557757, 0.7817021720402842
 
 
-31.91715540799908, -22.96052251494396, -39.39557187601601, 1301, -17.0518667919846, -12.13003830136059, -0.5351128094489752, -0.5311718127558778, -0.7539822368615461, 0.7817021720402835
 
 
-32.40076516325261, -23.44323938622841, -40.07886827817178, 1319, -17.31366617978375, -12.3743843966398, -0.4836097552535285, -0.4827168712844515, -0.6832964021557757, 0.7844741655581573
 
 
-32.90105111696316, -23.9426016668675, -40.78572662522949, 1337, -17.5754655675829, -12.63618378443895, -0.5002859537105504, -0.4993622806390911, -0.7068583470577039, 0.7844741655581569
 
 
-33.41944165111686, -24.45717436047476, -41.51614691718912, 1355, -17.83726495538205, -12.91543646475804, -0.5183905341537011, -0.5145726936072633, -0.7304202919596321, 0.7817021720402838
 
 
-33.90572013669224, -24.9372027009564, -42.1994433193449, 1373, -18.08161105066125, -13.17723585255719, -0.4862784855753731, -0.4800283404816316, -0.6832964021557757, 0.7789301785224103
 
 
-34.37523039862709, -25.40067834004212, -42.85917777659876, 1390, -18.32595714594046, -13.42158194783639, -0.4695102619348494, -0.46347563908572, -0.6597344572538617, 0.7789301785224106
 
 
-34.94535000240511, -25.96347018750333, -43.66028390326415, 1410, -18.6226631187795, -13.71828792067543, -0.5701196037780206, -0.5627918474612207, -0.8011061266653883, 0.7789301785224106
 
 
-35.39932916717709, -26.40913641173972, -44.29645641561609, 1425, -18.84955592153876, -13.96263401595464, -0.4539791647719808, -0.4456662242363839, -0.6361725123519406, 0.7761581850045371
 
 
-35.92198090383953, -26.9193804367612, -45.02687670757571, 1444, -19.11135530933791, -14.24188669627373, -0.5226517366624392, -0.5102440250214793, -0.730420291959625, 0.7733861914866637
 
 
-36.4614923739427, -27.4460839464608, -45.78085894443727, 1463, -19.390607989657, -14.52113937659282, -0.5395114701031714, -0.5267035096996001, -0.7539822368615603, 0.773386191486664
 
 
-36.98555649391056, -27.9548772257685, -46.51127923639689, 1482, -19.65240737745615, -14.80039205691192, -0.5240641199678599, -0.5087932793077027, -0.7304202919596179, 0.7706141979687905
 
 
-37.8161420211146, -28.75679956701722, -47.66581453659114, 1511, -20.07128639793479, -15.2367243699105, -0.8305855272040422, -0.801922341248715, -1.154535300194254, 0.7678422044509167
 
 
-38.43286315093198, -29.3391647521684, -48.51404455306039, 1530, -20.35053907825388, -15.58579022030936, -0.6167211298173769, -0.5823651851511912, -0.8482300164692376, 0.7567542303794238
 
 
-38.90493568727225, -29.80003032315555, -49.17377901031424, 1551, -20.64724505109292, -15.77777643802874, -0.4720725363402675, -0.4608655709871424, -0.6597344572538546, 0.7733861914866637
 
 
-39.39402570811516, -30.31036322853893, -49.88063735737195, 1577, -21.01376419401173, -15.93485607070823, -0.4890900208429102, -0.5103329053833793, -0.706858347057711, 0.8066501137011441
 
 
-39.71710798291332, -30.68512410948272, -50.37543820031234, 1602, -21.36283004441059, -15.95230936322817, -0.323082274798161, -0.3747608809437943, -0.4948008429403927, 0.8593179905407375
 
 
-39.8908159361922, -30.90821454544197, -50.65818153913543, 1621, -21.62462943220974, -15.89994948566834, -0.1737079532788808, -0.2230904359592452, -0.2827433388230816, 0.909213873862458
 
 
-40.08173614274093, -31.17721614999739, -50.98804876776234, 1638, -21.88642882000889, -15.8824961931484, -0.190920206548732, -0.2690016045554227, -0.3298672286269166, 0.9535657701484313
 
 
-40.30534740962491, -31.50954243223784, -51.38860183109505, 1655, -22.11332162276816, -15.95230936322817, -0.2236112668839756, -0.3323262822404513, -0.4005530633327083, 0.9785137118092912
 
 
-40.63312249396124, -32.02708972615381, -52.00121239854506, 1677, -22.42748088812713, -16.09193570338772, -0.3277750843363288, -0.5175472939159656, -0.6126105674500124, 1.006233646988024
 
 
-40.86738565629564, -32.40858078128185, -52.44888935168161, 1692, -22.63692039836646, -16.21410875102732, -0.2342631623344032, -0.3814910551280466, -0.4476769531365505, 1.020093614577392
 
 
-41.23057337055885, -33.01499928942075, -53.15574769873931, 1713, -22.93362637120549, -16.44100155378658, -0.3631877142632061, -0.6064185081388983, -0.7068583470576968, 1.031181588648885
 
 
-41.51842950953582, -33.50173743858163, -53.72123437638546, 1730, -23.16051917396476, -16.63298777150596, -0.2878561389769729, -0.4867381491608781, -0.565486677646156, 1.036725575684632
 
 
-41.83027366009421, -34.02903710017259, -54.33384494383548, 1748, -23.38741197672401, -16.85988057426522, -0.3118441505583927, -0.5272996615909598, -0.6126105674500124, 1.036725575684632
 
 
-42.13712204552096, -34.53185152725956, -54.92289356638357, 1767, -23.56194490192345, -17.12167996206437, -0.3068483854267561, -0.5028144270869689, -0.5890486225480913, 1.022865608095265
 
 
-42.4168937676117, -34.96823182394817, -55.44125635422589, 1785, -23.68411794956305, -17.38347934986352, -0.2797717220907353, -0.4363802966886109, -0.5183627878423138, 1.000689659952279
 
 
-42.66784086437813, -35.33896111736065, -55.88893330736243, 1804, -23.77138441216277, -17.62782544514273, -0.2509470967664286, -0.370729293412484, -0.4476769531365434, 0.9757417182914184
 
 
-42.98026925549668, -35.78176007443144, -56.43085804010666, 1821, -23.91101075232231, -17.88962483294188, -0.3124283911185544, -0.442798957070793, -0.5419247327442349, 0.9563377636663045
 
 
-43.32650334871365, -36.25831042058601, -57.01990666265476, 1839, -24.08554367752175, -18.15142422074103, -0.3462340932169678, -0.4765503461545655, -0.5890486225480984, 0.9424777960769381
 
 
-43.67668840773261, -36.73196504598903, -57.60895528520283, 1857, -24.27752989524112, -18.39577031602023, -0.3501850590189565, -0.473654625403022, -0.5890486225480771, 0.934161815523318
 
 
-44.13161998584644, -37.33323576100648, -58.36293752206439, 1878, -24.52187599052033, -18.70992958137921, -0.4549315781138392, -0.6012707150174563, -0.7539822368615532, 0.9230738414518253
 
 
-44.6059083047764, -37.9493733634305, -59.14048170382785, 1900, -24.78367537831948, -19.02408884673819, -0.4742883189299546, -0.6161376024240182, -0.7775441817634672, 0.9147578608982046
 
 
-45.08190272875689, -38.56419387620941, -59.91802588559133, 1920, -25.06292805863857, -19.32079481957723, -0.4759944239804859, -0.6148205127789054, -0.7775441817634743, 0.9119858673803309
 
 
-45.42310141234227, -39.0151469124725, -60.48351256323749, 1938, -25.30727415391778, -19.49532774477666, -0.3411986835853786, -0.4509530362630906, -0.5654866776461631, 0.9230738414518246
 
 
-45.66033352081094, -39.33789090274454, -60.88406562657019, 1952, -25.49926037163715, -19.60004749989632, -0.2372321084686742, -0.3227439902720304, -0.4005530633326941, 0.9369338090411912
 
 
-45.91230731132791, -39.70792314899091, -61.33174257970675, 1973, -25.77851305195625, -19.65240737745615, -0.2519737905169707, -0.3700322462463797, -0.4476769531365576, 0.9729697247735448
 
 
-46.07259263292513, -39.96894334460485, -61.63804786343175, 1992, -26.0403124397554, -19.61750079241626, -0.160285321597224, -0.2610201956139279, -0.3063052837250098, 1.020093614577392
 
 
-46.1845738220353, -40.17625166098795, -61.87366731245098, 2011, -26.30211182755455, -19.53023432981655, -0.1119811891101635, -0.2073083163831037, -0.2356194490192252, 1.075533484934859
 
 
-46.30637656258149, -40.43141413480465, -62.15641065127406, 2030, -26.56391121535369, -19.47787445225672, -0.1218027405462005, -0.2551624738167015, -0.2827433388230816, 1.125429368256579
 
 
-46.43682295624905, -40.73439289132256, -62.48627787990099, 2049, -26.8082573106329, -19.47787445225672, -0.1304463936675611, -0.302978756517911, -0.3298672286269309, 1.164237277506806
 
 
-46.56221240957744, -41.03949922281376, -62.81614510852791, 2064, -26.98279023583233, -19.54768762233649, -0.12538945332839, -0.3051063314911945, -0.3298672286269237, 1.180869238614046
 
 
-46.70551464195275, -41.38819217308941, -63.19313622695869, 2085, -27.12241657599188, -19.68731396249604, -0.143302232375304, -0.3486929502756537, -0.376991118430773, 1.180869238614046
 
 
-46.7998889924383, -41.60408568092733, -63.42875567597793, 2103, -27.13986986851182, -19.84439359517553, -0.09437435048556196, -0.2158935078379113, -0.2356194490192394, 1.158693290471059
 
 
-46.89177117773916, -41.79520357406349, -63.64081318009524, 2121, -27.10496328347194, -20.0363798128949, -0.09188218530085358, -0.1911178931361557, -0.2120575041173112, 1.122657374738706
 
 
-46.97015801011628, -41.94031939553167, -63.80574679440871, 2138, -27.01769682087223, -20.24581932313422, -0.07838683237711983, -0.1451158214681826, -0.164933614313469, 1.075533484934859
 
 
-47.0190305557125, -42.02090548768115, -63.8999945740164, 2154, -26.89552377323262, -20.4378055408536, -0.04887254559621591, -0.08058609214947976, -0.09424777960768438, 1.025637601613138
 
 
-47.1543347976737, -42.21380257647057, -64.13561402303563, 2175, -26.77335072559302, -20.73451151369264, -0.1353042419612044, -0.1928970887894211, -0.2356194490192394, 0.9591097571841784
 
 
-47.31071752765033, -42.42048938475782, -64.39479541695679, 2193, -26.75589743307307, -20.94395102393196, -0.1563827299766291, -0.206686808287246, -0.2591813939211534, 0.9230738414518241
 
 
-47.48504321799861, -42.64309744690613, -64.67753875577988, 2212, -26.8082573106329, -21.10103065661145, -0.1743256903482847, -0.2226080621483101, -0.2827433388230958, 0.906441880344584
 
 
-47.68698024635396, -42.90393039172142, -65.00740598440681, 2232, -26.94788365079245, -21.2057504117311, -0.2019370283553546, -0.2608329448152896, -0.3298672286269237, 0.9119858673803314
 
 
-47.79903946524003, -43.05549987185038, -65.19590154362219, 2249, -27.087509990952, -21.2057504117311, -0.112059218886065, -0.1515694801289657, -0.188495559215383, 0.934161815523318
 
 
-47.90513369282612, -43.21130292290149, -65.38439710283757, 2268, -27.27949620867137, -21.15339053417127, -0.1060942275860875, -0.1558030510510992, -0.188495559215383, 0.9729697247735448
 
 
-47.92923404835181, -43.25179778496794, -65.43152099264143, 2287, -27.48893571891069, -20.97885760897185, -0.02410035552570002, -0.04049486206645064, -0.0471238898038564, 1.033953582166758
 
 
-48.00110974437648, -43.40024636681185, -65.59645460695489, 2315, -27.82054827678961, -20.76941809873252, -0.07187569602466077, -0.1484485818439166, -0.1649336143134548, 1.119885381220832
 
 
-48.01682633966529, -43.44467214336976, -65.64357849675872, 2343, -28.18706741970842, -20.4378055408536, -0.01571659528879851, -0.04442577655790362, -0.04712388980384219, 1.230765121935766
 
 
-48.04127553362413, -43.53569346436513, -65.73782627636643, 2364, -28.46632010002752, -20.22836603061428, -0.02444919395884572, -0.09102132099538036, -0.09424777960769859, 1.30838094043622
 
 
-48.08103365549472, -43.71994836277831, -65.92632183558182, 2387, -28.69321290278678, -20.14109956801457, -0.03975812187059016, -0.1842548984131728, -0.1884955592153972, 1.35827682375794
 
 
-48.09989000860817, -43.81229056281837, -66.02056961518951, 2403, -28.76302607286655, -20.14109956801457, -0.01885635311344686, -0.09234220004006646, -0.09424777960768438, 1.369364797829433
 
 
-48.12441951885259, -43.92751831258466, -66.13837933969913, 2423, -28.7804793653865, -20.21091273809434, -0.02452951024442488, -0.1152277497662903, -0.1178097245096268, 1.361048817275814
 
 
-48.1408572832801, -43.99626630985496, -66.2090651744049, 2441, -28.72811948782667, -20.31563249321399, -0.01643776442750366, -0.06874799727030156, -0.07068583470577039, 1.336100875614954
 
 
-48.15358573948555, -44.04163862953195, -66.25618906420875, 2455, -28.623399732707, -20.45525883337354, -0.01272845620546078, -0.0453723196769829, -0.04712388980384219, 1.297292966364727
 
 
-48.17697582013428, -44.10834238771166, -66.32687489891452, 2478, -28.44886680750757, -20.68215163613281, -0.0233900806487297, -0.0667037581797114, -0.07068583470577039, 1.233537115453639
 
 
-48.17697582013428, -44.10834238771166, -66.32687489891452, 2495, -28.2568805897882, -20.87413785385218, 0.0, 0.0, 0.0, 1.172553258060426
 
 
-48.20953119503481, -44.17108499518966, -66.39756073362029, 2515, -28.02998778702893, -21.15339053417127, -0.03255537490052856, -0.06274260747799321, -0.07068583470577039, 1.092165446042099
 
 
-48.20953119503481, -44.17108499518966, -66.39756073362029, 2534, -27.78564169174973, -21.39773662945048, 0.0, 0.0, 0.0, 1.014549627541646
 
 
-48.23680551025606, -44.20951379584042, -66.44468462342413, 2553, -27.61110876655029, -21.6071761396898, -0.02727431522124569, -0.03842880065077217, -0.04712388980384219, 0.9535657701484308
 
 
-48.28007773061793, -44.26540656972942, -66.51537045812991, 2571, -27.50638901143063, -21.76425577236929, -0.04327222036187106, -0.05589277388900263, -0.0706858347057846, 0.9119858673803309
 
 
-48.3244262777411, -44.32044922224647, -66.58605629283567, 2591, -27.47148242639075, -21.85152223496901, -0.04434854712317466, -0.055042652517053, -0.07068583470575618, 0.8925819127552181
 
 
-48.35378808533598, -44.35730767100667, -66.63318018263952, 2608, -27.50638901143063, -21.85152223496901, -0.02936180759486872, -0.03685844876019488, -0.0471238898038564, 0.8981258997909645
 
 
-48.38127502909069, -44.39558467341373, -66.68030407244337, 2637, -27.68092193663007, -21.71189589480946, -0.02748694375471437, -0.03827700240705678, -0.04712388980384219, 0.9480217831126851
 
 
-48.40637804363893, -44.43546574224137, -66.72742796224721, 2658, -27.89036144686939, -21.53736296961003, -0.02510301454823772, -0.03988106882764839, -0.04712388980384219, 1.009005640505898
 
 
-48.40637804363894, -44.43546574224139, -66.72742796224722, 2680, -28.11725424962865, -21.31047016685077, -6.684470661584058e-15, -1.254058386643146e-14, -1.4210854715202e-14, 1.081077471970606
 
 
-48.39736127769067, -44.41369734360033, -66.70386601734529, 2704, -28.41396022246769, -20.99631090149179, 0.009016765948267008, 0.02176839864105013, 0.0235619449019282, 1.178097245096173
 
 
-48.40347357618038, -44.43645267384919, -66.72742796224722, 2737, -28.83283924294632, -20.59488517353309, -0.006112298489712352, -0.02275533024884852, -0.0235619449019282, 1.30838094043622
 
 
-48.39907989541076, -44.41330400613685, -66.70386601734529, 2759, -29.05973204570559, -20.35053907825388, 0.004393680769615332, 0.02314866771233742, 0.0235619449019282, 1.383224765418801
 
 
-48.39552307002869, -44.39001207103555, -66.68030407244337, 2783, -29.16445180082525, -20.22836603061428, 0.003556825382069912, 0.02329193510129554, 0.0235619449019282, 1.419260681151154
 
 
-48.38840941926455, -44.34342820083297, -66.63318018263952, 2805, -29.1469985083053, -20.21091273809434, 0.007113650764137699, 0.04658387020257704, 0.04712388980384219, 1.419260681151153
 
 
-48.38440133616664, -44.32020966260505, -66.6096182377376, 2821, -29.07718533822553, -20.26327261565416, 0.004008083097911965, 0.02321853822792754, 0.0235619449019282, 1.399856726526041
 
 
-48.38440133616664, -44.32020966260505, -66.6096182377376, 2842, -28.93755899806599, -20.40289895581371, 0.0, 0.0, 0.0, 1.355504830240067
 
 
-48.3781629770002, -44.29748856838684, -66.58605629283567, 2860, -28.76302607286655, -20.5599785884932, 0.00623835916643245, 0.02272109421819487, 0.0235619449019282, 1.302836953400473
 
 
-48.3781629770002, -44.29748856838684, -66.58605629283567, 2881, -28.55358656262723, -20.76941809873252, 0.0, 0.0, 0.0, 1.236309108971513
 
 
-48.3781629770002, -44.29748856838684, -66.58605629283567, 2899, -28.32669375986796, -20.99631090149179, 0.0, 0.0, 0.0, 1.164237277506805
 
 
-48.36713764049864, -44.27666533130449, -66.56249434793375, 2919, -28.06489437206882, -21.24065699677099, 0.01102533650157047, 0.0208232370823551, 0.02356194490191399, 1.083849465488479
 
 
-48.36713764049864, -44.27666533130449, -66.56249434793375, 2938, -27.82054827678961, -21.4850030920502, 0.0, 0.0, 0.0, 1.006233646988025
 
 
-48.39494194096057, -44.31471243193079, -66.6096182377376, 2957, -27.62856205907024, -21.71189589480946, -0.02780430046192974, -0.03804710062629471, -0.04712388980384219, 0.9397058025590649
 
 
-48.40941760373381, -44.33330330159406, -66.63318018263952, 2974, -27.54129559647053, -21.81661564992912, -0.01447566277324297, -0.01859086966327417, -0.0235619449019282, 0.9092138738624582
 
 
-48.43898330181593, -44.3699984032721, -66.68030407244337, 2994, -27.50638901143063, -21.88642882000889, -0.02956569808211943, -0.03669510167803901, -0.04712388980384219, 0.8925819127552176
 
 
-48.43898330181593, -44.3699984032721, -66.68030407244337, 3009, -27.54129559647053, -21.85152223496901, 0.0, 0.0, 0.0, 0.903669886826712
 
 
-48.45299070417669, -44.38894458828822, -66.70386601734529, 3030, -27.64601535159018, -21.76425577236929, -0.01400740236076129, -0.018946185016125, -0.0235619449019282, 0.9341618155233185
 
 
-48.46619844611176, -44.40845665636258, -66.72742796224722, 3048, -27.78564169174973, -21.64208272472969, -0.01320774193507792, -0.01951206807434529, -0.0235619449019282, 0.9757417182914184
 
 
-48.46619844611176, -44.40845665636256, -66.72742796224721, 3068, -27.9776279094691, -21.45009650701031, 7.233913603249261e-15, 1.223187989302153e-14, 1.4210854715202e-14, 1.036725575684632
 
 
-48.46619844611176, -44.40845665636256, -66.72742796224721, 3088, -28.20452071222837, -21.22320370425105, 0.0, 0.0, 0.0, 1.108797407149339
 
 
-48.4577884854847, -44.3864467083887, -66.70386601734529, 3112, -28.5012266850674, -20.90904443889207, 0.00840996062706062, 0.0220099479738622, 0.02356194490191399, 1.205817180274906
 
 
-48.4577884854847, -44.3864467083887, -66.70386601734529, 3130, -28.72811948782667, -20.68215163613281, 0.0, 0.0, 0.0, 1.277889011739613
 
 
-48.47843298029616, -44.47840566007346, -66.79811379695299, 3150, -28.98991887562582, -20.49016541841343, -0.02064449481146498, -0.0919589516847638, -0.09424777960769859, 1.34996084320432
 
 
-48.5017087736166, -44.61784807240741, -66.93948546636453, 3173, -29.21681167838508, -20.36799237077383, -0.02327579332044351, -0.1394424123339451, -0.1413716694115408, 1.405400713561787
 
 
-48.51949290052694, -44.73430774791385, -67.05729519087415, 3192, -29.3040781409848, -20.36799237077383, -0.01778412691034532, -0.1164596755064496, -0.1178097245096126, 1.419260681151153
 
 
-48.53423650151111, -44.82739518095936, -67.15154297048184, 3211, -29.32153143350474, -20.42035224833366, -0.01474360098415989, -0.09308743304550408, -0.09424777960769859, 1.413716694115407
 
 
-48.5515544855693, -44.92003821301867, -67.24579075008954, 3228, -29.26917155594491, -20.54252529597326, -0.01731798405819698, -0.09264303205930471, -0.09424777960769859, 1.385996758936674
 
 
-48.56225873607671, -44.9659302603833, -67.29291463989338, 3247, -29.1469985083053, -20.69960492865275, -0.01070425050740976, -0.04589204736463542, -0.04712388980382798, 1.3416448626507
 
 
-48.57523853893659, -45.01123131675029, -67.34003852969723, 3264, -29.00737216814576, -20.87413785385218, -0.01297980285988075, -0.04530105636698368, -0.0471238898038564, 1.29174897932898
 
 
-48.59095513422539, -45.05565709330819, -67.38716241950107, 3282, -28.83283924294632, -21.0835773640915, -0.01571659528879849, -0.04442577655790362, -0.04712388980384219, 1.230765121935766
 
 
-48.59095513422539, -45.05565709330819, -67.38716241950107, 3303, -28.58849314766712, -21.32792345937071, 0.0, 0.0, 0.0, 1.153149303435313
 
 
-48.60209574445623, -45.07641888637251, -67.410724364403, 3321, -28.36160034490786, -21.57226955464992, -0.01114061023083694, -0.02076179306433025, -0.0235619449019282, 1.078305478452732
 
 
-48.67773614853384, -45.19585287727619, -67.55209603381452, 3340, -28.18706741970842, -21.85152223496901, -0.07564040407760636, -0.1194339909036719, -0.1413716694115266, 1.006233646988025
