x,y,L,t, 1, 1
0.0, 0.0, 0.0, 15, 0.0, 0.0, 0.0, 0.0, 0.0, 0.0
not linear mode
not linear mode
0.0, 0.0, 0.0, 40, 0.0, 0.0, 0.0, 0.0, 0.0, 0.0
not linear mode
not linear mode
0.02355750934645473, -0.0004571662202905953, 0.02356194490192345, 62, 0.06981317007977318, -0.05235987755982988, 0.02355750934645473, -0.0004571662202905953, 0.02356194490192345, -0.01940395462511343
not linear mode
not linear mode
0.02355750934645472, -0.0004571662202905949, 0.02356194490192345, 80, 0.1745329251994329, -0.1570796326794897, -6.929272211237027e-18, 3.652878758721763e-19, -6.938893903907228e-18, -0.05266787683959359
not linear mode
not linear mode
0.02355750934645468, -0.0004571662202905912, 0.02356194490192341, 96, 0.3141592653589793, -0.296705972839036, -3.798444196748441e-17, 3.696848504017533e-18, -3.816391647148976e-17, -0.09701977312556714
not linear mode
not linear mode
0.02355750934645476, -0.0004571662202906035, 0.02356194490192348, 117, 0.5410520681182422, -0.5235987755982988, 7.181928294782912e-17, -1.226111765203239e-17, 7.28583859910259e-17, -0.1690916045902742
not linear mode
not linear mode
0.04651338454615795, -0.005766878206540868, 0.04712388980384697, 133, 0.7330382858376185, -0.6981317007977318, 0.0229558751997032, -0.005309711986250266, 0.02356194490192348, -0.2273034684656145
not linear mode
not linear mode
0.04651338454615795, -0.005766878206540868, 0.04712388980384697, 153, 0.9773843811168245, -0.9424777960769379, 0.0, -0.0, 0.0, -0.3049192869660682
not linear mode
not linear mode
0.06829840895173844, -0.0147434008745644, 0.07068583470577044, 172, 1.256637061435917, -1.204277183876087, 0.0217850244055805, -0.008976522668023527, 0.02356194490192348, -0.3908510860201419
not linear mode
not linear mode
0.0473045623215575, -0.004046501733704353, 0.04712388980384667, 190, 1.500983156715123, -1.466076571675237, -0.02099384663018094, 0.01069689914086004, -0.02356194490192378, -0.4712388980384691
not linear mode
not linear mode
0.06737163777681254, -0.0163946890595588, 0.07068583470577044, 207, 1.762782544514273, -1.710422666954443, 0.02006707545525505, -0.01234818732585445, 0.02356194490192378, -0.551626710056796
not linear mode
not linear mode
0.04843840365622594, -0.002369786446837422, 0.04712388980384727, 226, 2.024581932313422, -1.989675347273536, -0.0189332341205866, 0.01402490261272138, -0.02356194490192318, -0.6375585091108698
not linear mode
not linear mode
0.06609807426267316, -0.01796790433436033, 0.07068583470577074, 244, 2.303834612632515, -2.251474735072685, 0.01765967060644722, -0.0155981178875229, 0.02356194490192348, -0.7234903081649435
not linear mode
not linear mode
0.08216374338747418, -0.03520331912872134, 0.09424777960769394, 264, 2.617993877991494, -2.548180707911721, 0.01606566912480103, -0.01723541479436101, 0.02356194490192318, -0.8205100812905107
not linear mode
not linear mode
0.08216374338747418, -0.03520331912872134, 0.09424777960769394, 283, 2.897246558310587, -2.827433388230814, 0.0, -0.0, 0.0, -0.9092138738624579
not linear mode
not linear mode
0.08216374338747386, -0.03520331912872084, 0.09424777960769333, 301, 3.17649923862968, -3.106686068549907, -3.234675628504453e-16, 5.014710186050567e-16, -5.967448757360216e-16, -0.9979176664344049
not linear mode
not linear mode
0.08216374338747412, -0.03520331912872138, 0.09424777960769394, 321, 3.490658503988659, -3.420845333908886, 2.718986271050286e-16, -5.312020174054316e-16, 5.967448757360216e-16, -1.097709433077845
not linear mode
not linear mode
0.08216374338747412, -0.03520331912872138, 0.09424777960769394, 339, 3.769911184307752, -3.700098014227978, 0.0, -0.0, 0.0, -1.186413225649792
not linear mode
not linear mode
0.08216374338747432, -0.03520331912872196, 0.09424777960769454, 357, 4.066617157146788, -3.996803987067014, 1.746880878132869e-16, -5.851017938867614e-16, 6.106226635438361e-16, -1.280661005257486
not linear mode
not linear mode
0.08655742415708861, -0.05835198684105385, 0.1178097245096171, 378, 4.39822971502571, -4.310963252425994, 0.004393680769614289, -0.02314866771233189, 0.02356194490192258, -1.3832247654188
not linear mode
not linear mode
0.08655742415708861, -0.05835198684105385, 0.1178097245096171, 394, 4.642575810304916, -4.5553093477052, 0.0, -0.0, 0.0, -1.460840583919254
not linear mode
not linear mode
0.08716694936643327, -0.03479792717864122, 0.09424777960769273, 421, 5.061454830783555, -4.991641660703783, 0.000609525209344663, 0.02355405966241263, -0.02356194490192439, -1.596668266295048
not linear mode
not linear mode
0.08440835011791947, -0.05819782841235201, 0.1178097245096171, 440, 5.358160803622591, -5.270894341022875, -0.002758599248513796, -0.02339990123371079, 0.02356194490192439, -1.688144052384868
not linear mode
not linear mode
0.0844083501179197, -0.05819782841235083, 0.1178097245096159, 456, 5.619960191421741, -5.532693728822025, 2.377034385340218e-16, 1.169578925159778e-15, -1.193489751472043e-15, -1.771303857921069
not linear mode
not linear mode
0.07775119520783305, -0.08079976496797432, 0.1413716694115403, 473, 5.899212871740834, -5.794493116621174, -0.006657154910086661, -0.02260193655562349, 0.02356194490192439, -1.857235656975143
not linear mode
not linear mode
0.08656643957473619, -0.05894898204577698, 0.1178097245096183, 493, 6.19591884457987, -6.108652381980153, 0.008815244366903144, 0.02185078292219733, -0.023561944901922, -1.95425543010071
not linear mode
not linear mode
0.08656643957473619, -0.05894898204577698, 0.1178097245096183, 510, 6.475171524898963, -6.387905062299246, -0.0, -0.0, 0.0, -2.042959222672657
not linear mode
not linear mode
0.08656643957473619, -0.05894898204577698, 0.1178097245096183, 530, 6.789330790257942, -6.702064327658225, -0.0, -0.0, 0.0, -2.142750989316097
not linear mode
not linear mode
0.0720564456920772, -0.07751306901730368, 0.1413716694115403, 549, 7.086036763096978, -6.981317007977318, -0.01450999388265899, -0.01856408697152668, 0.023561944901922, -2.234226775405918
not linear mode
not linear mode
0.006156221664706405, -0.1448911398870072, 0.2356194490192342, 573, 7.47000919853573, -7.295476273336297, -0.06590022402737081, -0.06737807086970349, 0.09424777960769394, -2.345106516120852
not linear mode
not linear mode
-0.1176630381641332, -0.2538493338236755, 0.4005530633326977, 592, 7.766715171374766, -7.47000919853573, -0.1238192598288396, -0.1089581939366683, 0.1649336143134635, -2.419950341103432
not linear mode
not linear mode
-0.3227497275232493, -0.4123247098372173, 0.6597344572538587, 610, 8.063421144213804, -7.57472895365539, -0.2050866893591161, -0.1584753760135418, 0.259181393921161, -2.483706192014519
not linear mode
not linear mode
-0.5935039223394785, -0.6007512326821308, 0.9896016858807856, 629, 8.342673824532895, -7.609635538695276, -0.2707541948162292, -0.1884265228449136, 0.3298672286269269, -2.533602075336239
not linear mode
not linear mode
-0.8885435367555354, -0.7953374773822888, 1.343030859409635, 646, 8.552113334772214, -7.557275661135447, -0.295039614416057, -0.1945862447001579, 0.3534291735288491, -2.558550016997099
not linear mode
not linear mode
-1.205534471236352, -0.9993939666999887, 1.720021977840409, 664, 8.726646259971647, -7.452555906015788, -0.3169909344808169, -0.2040564893176999, 0.3769911184307744, -2.569637991068593
not linear mode
not linear mode
-1.541735049935078, -1.217136767793054, 2.120575041173112, 683, 8.866272600131195, -7.295476273336297, -0.3362005786987254, -0.2177428010930651, 0.4005530633327026, -2.566865997550719
not linear mode
not linear mode
-1.873647532294249, -1.441361790034957, 2.521128104505811, 702, 8.953539062730911, -7.086036763096978, -0.3319124823591716, -0.2242250222419028, 0.400553063332699, -2.547462042925606
not linear mode
not linear mode
-2.123106691879919, -1.619106141665793, 2.827433388230814, 720, 8.988445647770797, -6.894050545377602, -0.2494591595856698, -0.1777443516308359, 0.3063052837250035, -2.522514101264746
not linear mode
not linear mode
-2.403368319481308, -1.83443287199788, 3.180862561759666, 737, 9.00589894029074, -6.649704450098395, -0.2802616276013889, -0.2153267303320872, 0.3534291735288515, -2.486478185532393
not linear mode
not linear mode
-2.63938059692362, -2.029679208030977, 3.487167845484671, 755, 9.00589894029074, -6.422811647339132, -0.2360122774423117, -0.1952463360330969, 0.3063052837250049, -2.450442269800039
not linear mode
not linear mode
-2.953859261824448, -2.314243277323019, 3.911282853719293, 776, 9.023352232810684, -6.126105674500097, -0.3144786649008282, -0.2845640692920426, 0.4241150082346223, -2.406090373514065
not linear mode
not linear mode
-3.240991330575513, -2.593524375215343, 4.31183591705199, 794, 9.05825881785057, -5.864306286700947, -0.2871320687510651, -0.2792810978923231, 0.4005530633326972, -2.370054457781711
not linear mode
not linear mode
-3.769052631193756, -3.164248667131853, 5.089380098815466, 825, 9.180431865490174, -5.410520681182422, -0.5280613006182434, -0.5707242919165108, 0.7775441817634761, -2.317386580942118
not linear mode
not linear mode
-4.172478101048609, -3.625268837649166, 5.701990666265474, 843, 9.320058205649719, -5.096361415823442, -0.4034254698548533, -0.4610201705173123, 0.612610567450008, -2.289666645763385
not linear mode
not linear mode
-4.568180457940527, -4.092934692829558, 6.314601233715487, 864, 9.494591130849154, -4.817108735504349, -0.395702356891918, -0.4676658551803921, 0.6126105674500124, -2.273034684656145
not linear mode
not linear mode
-4.99152274862781, -4.598929612768171, 6.974335690969343, 884, 9.721483933608416, -4.5553093477052, -0.4233422906872831, -0.5059949199386139, 0.6597344572538564, -2.267490697620398
not linear mode
not linear mode
-5.384626304266002, -5.068782038425456, 7.586946258419353, 902, 9.948376736367679, -4.328416544945937, -0.3931035556381917, -0.4698524256572846, 0.6126105674500097, -2.267490697620398
not linear mode
not linear mode
-5.735816136515722, -5.48151453979205, 8.128870991163589, 919, 10.17526953912694, -4.153883619746504, -0.3511898322497204, -0.412732501366594, 0.5419247327442367, -2.275806678174018
not linear mode
not linear mode
-6.107027807240025, -5.908102254234657, 8.694357668809753, 937, 10.41961563440615, -3.979350694547071, -0.3712116707243032, -0.4265877144426069, 0.5654866776461631, -2.286894652245511
not linear mode
not linear mode
-6.485282799641031, -6.328457274805377, 9.259844346455916, 955, 10.6814150222053, -3.822271061867582, -0.3782549924010063, -0.4203550205707199, 0.5654866776461631, -2.303526613352751
not linear mode
not linear mode
-6.853325524314351, -6.72623481159567, 9.801769079200154, 972, 10.9257611174845, -3.665191429188092, -0.3680427246733193, -0.3977775367902938, 0.5419247327442385, -2.317386580942118
not linear mode
not linear mode
-7.296889620966865, -7.182268097259128, 10.43794159155209, 992, 11.23992038284348, -3.508111796508603, -0.4435640966525137, -0.4560332856634571, 0.6361725123519317, -2.342334522602978
not linear mode
not linear mode
-7.697855955576405, -7.581017619020706, 11.00342826919825, 1010, 11.50171977064263, -3.351032163829113, -0.4009663346095405, -0.3987495217615785, 0.5654866776461649, -2.358966483710218
not linear mode
not linear mode
-8.121245852634349, -7.990553056797536, 11.59247689174633, 1026, 11.76351915844178, -3.17649923862968, -0.4233898970579428, -0.4095354377768302, 0.5890486225480842, -2.372826451299585
not linear mode
not linear mode
-8.550271050184465, -8.394181177216421, 12.18152551429442, 1045, 12.02531854624093, -3.001966313430247, -0.4290251975501153, -0.4036281204188851, 0.589048622548086, -2.386686418888952
not linear mode
not linear mode
-9.017227289025247, -8.82623133226771, 12.81769802664636, 1064, 12.28711793404008, -2.792526803190927, -0.4669562388407819, -0.4320501550512901, 0.6361725123519353, -2.395002399442572
not linear mode
not linear mode
-9.503954743304838, -9.271591792275725, 13.47743248390022, 1082, 12.54891732183923, -2.565634000431665, -0.4867274542795914, -0.4453604600080154, 0.6597344572538582, -2.400546386478319
not linear mode
not linear mode
-9.937428894697076, -9.670438178495504, 14.0664811064483, 1100, 12.75835683207855, -2.338741197672401, -0.4334741513922379, -0.3988463862197784, 0.589048622548086, -2.397774392960446
not linear mode
not linear mode
-10.36757129704514, -10.07287549464304, 14.65552972899639, 1117, 12.95034304979793, -2.094395102393195, -0.4301424023480675, -0.4024373161475371, 0.5890486225480878, -2.389458412406825
not linear mode
not linear mode
-10.8939804352236, -10.57924218208269, 15.38595002095601, 1138, 13.17723585255719, -1.780235837034216, -0.5264091381784545, -0.5063666874396464, 0.730420291959625, -2.375598444817459
not linear mode
not linear mode
-11.26355369007211, -10.94271926405668, 15.90431280879833, 1154, 13.33431548523668, -1.553343034274953, -0.369573254848513, -0.3634770819739969, 0.5183627878423138, -2.364510470745965
not linear mode
not linear mode
-11.71089476958239, -11.39504815331178, 16.54048532115026, 1173, 13.52630170295606, -1.274090353955861, -0.4473410795102785, -0.4523288892550968, 0.6361725123519335, -2.350650503156599
not linear mode
not linear mode
-12.15192381993305, -11.85353353172528, 17.1766578335022, 1192, 13.71828792067543, -0.9948376736367678, -0.4410290503506614, -0.458485378413494, 0.6361725123519335, -2.336790535567232
not linear mode
not linear mode
-12.76543856296976, -12.50565183200145, 18.07201173977529, 1219, 14.01499389351447, -0.6283185307179586, -0.6135147430367073, -0.6521183002761778, 0.895353906273094, -2.325702561495738
not linear mode
not linear mode
-13.26149614839902, -13.04178677289272, 18.80243203173491, 1241, 14.25933998879367, -0.3316125578789226, -0.496057585429256, -0.536134940891265, 0.730420291959625, -2.317386580942118
not linear mode
not linear mode
-13.67754444585581, -13.49144833622088, 19.41504259918492, 1260, 14.48623279155294, -0.1047197551196598, -0.4160482974567959, -0.4496615633281583, 0.6126105674500089, -2.317386580942118
not linear mode
not linear mode
-14.06388426935745, -13.90438504247502, 19.98052927683109, 1276, 14.7131255943122, 0.08726646259971648, -0.3863398235016376, -0.4129367062541462, 0.5654866776461667, -2.322930567977865
not linear mode
not linear mode
-14.51727799138032, -14.38363830215959, 20.64026373408494, 1297, 14.97492498211135, 0.3141592653589793, -0.4533937220228692, -0.4792532596845715, 0.6597344572538546, -2.328474555013611
not linear mode
not linear mode
-14.87766917662393, -14.75622141157058, 21.15862652192726, 1313, 15.20181778487061, 0.471238898038469, -0.3603911852436103, -0.3725831094109895, 0.5183627878423138, -2.339562529085105
not linear mode
not linear mode
-15.29303326179224, -15.17389467678885, 21.74767514447534, 1333, 15.46361717266976, 0.6457718232379019, -0.4153640851683102, -0.4176732652182712, 0.5890486225480878, -2.353422496674471
not linear mode
not linear mode
-15.69620408526334, -15.5704151298514, 22.3131618221215, 1352, 15.70796326794897, 0.820304748437335, -0.4031708234711042, -0.3965204530625416, 0.5654866776461596, -2.364510470745965
not linear mode
not linear mode
-16.10374664385312, -15.96244095238532, 22.87864849976767, 1370, 15.95230936322817, 0.9948376736367678, -0.4075425585897751, -0.3920258225339235, 0.5654866776461667, -2.375598444817459
not linear mode
not linear mode
-16.51345631433159, -16.35220135123533, 23.44413517741383, 1389, 16.17920216598743, 1.186823891356144, -0.4097096704784726, -0.3897603988500076, 0.5654866776461631, -2.381142431853205
not linear mode
not linear mode
-16.85488103973032, -16.67700168361033, 23.9153740754523, 1405, 16.35373509118687, 1.361356816555577, -0.3414247253987263, -0.3248003323750055, 0.4712388980384681, -2.381142431853205
not linear mode
not linear mode
-17.23044823766892, -17.03428204922284, 24.43373686329462, 1423, 16.54572130890624, 1.553343034274953, -0.3755671979386009, -0.3572803656125076, 0.5183627878423174, -2.381142431853205
not linear mode
not linear mode
-17.63799079625869, -17.42630787175676, 24.99922354094078, 1442, 16.73770752662562, 1.780235837034216, -0.40754255858977, -0.3920258225339186, 0.5654866776461596, -2.375598444817459
not linear mode
not linear mode
-18.00957347346596, -17.78773046902917, 25.5175863287831, 1460, 16.91224045182505, 1.989675347273536, -0.3715826772072631, -0.3614225972724205, 0.5183627878423174, -2.370054457781711
not linear mode
not linear mode
-18.34371208564057, -18.12002173716382, 25.98882522682157, 1476, 17.0518667919846, 2.199114857512855, -0.3341386121746152, -0.3322912681346469, 0.4712388980384681, -2.358966483710218
not linear mode
not linear mode
-18.77327590979166, -18.55679012925752, 26.60143579427158, 1497, 17.24385300970398, 2.460914245312004, -0.4295638241510887, -0.436768392093698, 0.6126105674500089, -2.347878509638725
not linear mode
not linear mode
-19.06898530756001, -18.86081231969983, 27.0255508025062, 1513, 17.38347934986352, 2.635447170511438, -0.2957093977683432, -0.3040221904423055, 0.4241150082346223, -2.342334522602978
not linear mode
not linear mode
-19.42834231154943, -19.23439299840712, 27.54391359034852, 1532, 17.55801227506296, 2.844886680750757, -0.3593570039894284, -0.3735806787072924, 0.5183627878423174, -2.336790535567231
not linear mode
not linear mode
-19.77037509748514, -19.59194222231843, 28.03871443328891, 1551, 17.73254520026239, 3.036872898470133, -0.3420327859357091, -0.3575492239113108, 0.4948008429403927, -2.334018542049359
not linear mode
not linear mode
-20.1114154464789, -19.95043818398709, 28.5335152762293, 1570, 17.90707812546182, 3.228859116189509, -0.3410403489937592, -0.358495961668666, 0.4948008429403963, -2.331246548531485
not linear mode
not linear mode
-20.56877890610181, -20.42590450234183, 29.19324973348316, 1594, 18.16887751326097, 3.455751918948773, -0.4573634596229065, -0.4754663183547328, 0.6597344572538546, -2.336790535567232
not linear mode
not linear mode
-20.89734490362219, -20.76370693616661, 29.66448863152163, 1612, 18.36086373098035, 3.612831551628262, -0.3285659975203807, -0.337802433824783, 0.4712388980384681, -2.342334522602979
not linear mode
not linear mode
-21.27841323061243, -21.14902413812465, 30.20641336426586, 1634, 18.58775653373961, 3.787364476827695, -0.3810683269902337, -0.3853172019580422, 0.5419247327442349, -2.350650503156598
not linear mode
not linear mode
-21.61162945097431, -21.48224035848653, 30.67765226230433, 1652, 18.77974275145899, 3.944444109507184, -0.3332162203618795, -0.3332162203618792, 0.4712388980384716, -2.356194490192345
not linear mode
not linear mode
-21.93080635288893, -21.79615238382771, 31.12532921544088, 1670, 18.97172896917836, 4.084070449666731, -0.3191769019146245, -0.3139120253411791, 0.4476769531365434, -2.364510470745965
not linear mode
not linear mode
-22.28454122495488, -22.14212855997141, 31.62013005838127, 1691, 19.16371518689774, 4.258603374866164, -0.3537348720659457, -0.3459761761436989, 0.4948008429403963, -2.367282464263838
not linear mode
not linear mode
-22.80813499738329, -22.651405856128, 32.3505503503409, 1720, 19.44296786721683, 4.520402762665313, -0.5235937724284137, -0.5092772961565892, 0.730420291959625, -2.370054457781712
not linear mode
not linear mode
-23.21349791797303, -23.04568505315245, 32.91603702798706, 1744, 19.65240737745615, 4.729842272904633, -0.4053629205897407, -0.3942791970244577, 0.5654866776461631, -2.370054457781711
not linear mode
not linear mode
-23.65026631006673, -23.47524887730355, 33.52864759543707, 1770, 19.86184688769547, 4.97418836818384, -0.4367683920937009, -0.4295638241510909, 0.6126105674500124, -2.364510470745965
not linear mode
not linear mode
-23.88416333858896, -23.7078527649978, 33.858514824064, 1785, 19.96656664281513, 5.113814708343385, -0.2338970285222281, -0.2326038876942498, 0.3298672286269237, -2.358966483710219
not linear mode
not linear mode
-24.28291286035055, -24.10881909960734, 34.42400150171017, 1809, 20.15855286053451, 5.340707511102648, -0.3987495217615822, -0.4009663346095445, 0.5654866776461702, -2.353422496674472
not linear mode
not linear mode
-24.56298881246687, -24.39517590080358, 34.82455456504286, 1828, 20.28072590817411, 5.515240436302081, -0.2800759521163224, -0.2863568011962363, 0.4005530633326941, -2.345106516120852
not linear mode
not linear mode
-24.90798310986327, -24.7498684563196, 35.31935540798326, 1850, 20.45525883337354, 5.707226654021458, -0.3449942973964005, -0.3546925555160232, 0.4948008429403927, -2.342334522602978
not linear mode
not linear mode
-25.2519928775958, -25.10551596984828, 35.81415625092365, 1872, 20.62979175857298, 5.899212871740834, -0.3440097677325387, -0.3556475135286735, 0.4948008429403927, -2.339562529085105
not linear mode
not linear mode
-25.54685839279513, -25.41035669573, 36.23827125915827, 1892, 20.78687139125246, 6.056292504420323, -0.2948655151993189, -0.3048407258817201, 0.4241150082346223, -2.339562529085105
not linear mode
not linear mode
-25.82613949068745, -25.69748876448106, 36.63882432249096, 1911, 20.94395102393196, 6.19591884457987, -0.279281097892321, -0.2871320687510628, 0.4005530633326941, -2.342334522602979
not linear mode
not linear mode
-26.25570331483854, -26.13425715657476, 37.25143488994098, 1940, 21.18829711921116, 6.40535835481919, -0.4295638241510912, -0.4367683920937006, 0.6126105674500124, -2.347878509638725
not linear mode
not linear mode
-26.55476545615972, -26.43498190753192, 37.6755498981756, 1961, 21.36283004441059, 6.544984694978735, -0.2990621413211829, -0.3007247509571545, 0.4241150082346223, -2.353422496674472
not linear mode
not linear mode
-26.87307097082072, -26.74977748200212, 38.12322685131215, 1982, 21.55481626212997, 6.684611035138281, -0.3183055146609977, -0.3147955744701991, 0.4476769531365505, -2.361738477228092
not linear mode
not linear mode
-27.19224787273534, -27.06368950734329, 38.57090380444868, 2004, 21.7293491873294, 6.841690667817772, -0.3191769019146195, -0.3139120253411742, 0.4476769531365363, -2.364510470745965
not linear mode
not linear mode
-27.59541869620645, -27.46020996040583, 39.13639048209485, 2033, 21.93878869756872, 7.051130178057091, -0.4031708234711068, -0.3965204530625441, 0.5654866776461631, -2.364510470745965
not linear mode
not linear mode
-27.84808646196784, -27.70733580050848, 39.48981965562371, 2052, 22.07841503772827, 7.173303225696695, -0.2526677657613931, -0.2471258401026453, 0.3534291735288591, -2.367282464263838
not linear mode
not linear mode
-28.11613321115605, -27.97242681058865, 39.86681077405449, 2071, 22.20058808536787, 7.330382858376185, -0.268046749188209, -0.2650910100801683, 0.3769911184307801, -2.361738477228092
not linear mode
not linear mode
-28.48267105355411, -28.33896465298671, 40.38517356189679, 2097, 22.37512101056731, 7.539822368615503, -0.3665378423980589, -0.3665378423980586, 0.5183627878423067, -2.356194490192345
not linear mode
not linear mode
-28.7304963367182, -28.59094641765615, 40.73860273542564, 2117, 22.47984076568696, 7.696902001294993, -0.2478252831640899, -0.2519817646694419, 0.3534291735288519, -2.347878509638724
not linear mode
not linear mode
-29.04352240084822, -28.91099225428725, 41.18627968856219, 2142, 22.63692039836646, 7.871434926494427, -0.3130260641300145, -0.3200458366310946, 0.4476769531365505, -2.345106516120852
not linear mode
not linear mode
-29.35566009849257, -29.23190456642079, 41.63395664169874, 2165, 22.79400003104595, 8.04596785169386, -0.3121376976443608, -0.3209123121335429, 0.4476769531365434, -2.342334522602979
not linear mode
not linear mode
-29.61851289650888, -29.50214651348062, 42.01094776012951, 2186, 22.93362637120549, 8.185594191853404, -0.2628527980163036, -0.2702419470598254, 0.376991118430773, -2.342334522602979
not linear mode
not linear mode
-29.83268862459783, -29.72112524380715, 42.31725304385452, 2205, 23.05579941884509, 8.290313946973065, -0.2141757280889532, -0.2189787303265346, 0.3063052837250027, -2.345106516120851
not linear mode
not linear mode
-30.28128183657961, -30.17221237024288, 42.95342555620645, 2242, 23.31759880664424, 8.499753457212384, -0.4485932119817745, -0.4510871264357316, 0.6361725123519335, -2.353422496674472
not linear mode
not linear mode
-30.63115886795958, -30.52208940162286, 43.44822639914685, 2271, 23.50958502436362, 8.674286382411818, -0.3498770313799767, -0.3498770313799764, 0.4948008429403998, -2.356194490192345
not linear mode
not linear mode
-30.96621730444484, -30.85345316422305, 43.91946529718531, 2299, 23.70157124208299, 8.831366015091307, -0.3350584364852536, -0.3313637626002029, 0.4712388980384645, -2.361738477228092
not linear mode
not linear mode
-31.25179663773686, -31.13432181847569, 44.320018360518, 2325, 23.85865087476248, 8.970992355250853, -0.2855793332920255, -0.2808686542526271, 0.400553063332687, -2.364510470745965
not linear mode
not linear mode
-31.5205771867176, -31.39866878718405, 44.69700947894878, 2347, 23.99827721492203, 9.1106186954104, -0.2687805489807412, -0.2643469687083662, 0.3769911184307801, -2.364510470745965
not linear mode
not linear mode
-31.75576016707575, -31.62997238480387, 45.02687670757571, 2370, 24.12045026256163, 9.232791743050003, -0.2351829803581473, -0.231303597619819, 0.3298672286269309, -2.364510470745965
not linear mode
not linear mode
-31.98965719559799, -31.86257627249813, 45.35674393620265, 2392, 24.2251700176813, 9.372418083209549, -0.2338970285222381, -0.2326038876942599, 0.329867228626938, -2.358966483710218
not linear mode
not linear mode
-32.22226108329224, -32.09647330102036, 45.68661116482957, 2413, 24.32988977280096, 9.512044423369096, -0.2326038876942501, -0.2338970285222278, 0.3298672286269237, -2.353422496674472
not linear mode
not linear mode
-32.50233703540857, -32.3828301022166, 46.08716422816228, 2439, 24.45206282044056, 9.68657734856853, -0.2800759521163272, -0.2863568011962414, 0.4005530633327012, -2.345106516120851
not linear mode
not linear mode
-32.74876153354885, -32.63618192758519, 46.44059340169113, 2462, 24.57423586808016, 9.826203688728075, -0.2464244981402861, -0.253351825368588, 0.3534291735288519, -2.342334522602978
not linear mode
not linear mode
-32.9617199611928, -32.85634467405532, 46.74689868541612, 2483, 24.67895562319982, 9.948376736367679, -0.2129584276439458, -0.2201627464701245, 0.3063052837249955, -2.339562529085105
not linear mode
not linear mode
-33.15829697132568, -33.05957182464314, 47.02964202423921, 2503, 24.78367537831948, 10.05309649148734, -0.1965770101328842, -0.2032271505878185, 0.2827433388230887, -2.339562529085105
not linear mode
not linear mode
-33.40472146946597, -33.31292365001173, 47.38307119776806, 2527, 24.92330171847903, 10.17526953912694, -0.2464244981402861, -0.253351825368588, 0.3534291735288519, -2.342334522602978
not linear mode
not linear mode
-33.58697153889608, -33.49720579007862, 47.64225259168922, 2548, 25.04547476611863, 10.24508270920671, -0.1822500694301101, -0.1842821400668879, 0.2591813939211534, -2.350650503156599
not linear mode
not linear mode
-33.78690127111321, -33.69713552229575, 47.92499593051231, 2567, 25.16764781375823, 10.33234917180643, -0.1999297322171316, -0.1999297322171316, 0.2827433388230887, -2.356194490192345
not linear mode
not linear mode
-34.02144217665288, -33.92909015611588, 48.25486315913923, 2592, 25.30727415391778, 10.43706892692609, -0.2345409055396765, -0.231954633820141, 0.3298672286269237, -2.361738477228092
not linear mode
not linear mode
-34.20622880407714, -34.11082869710288, 48.51404455306039, 2611, 25.41199390903744, 10.52433538952581, -0.1847866274242539, -0.1817385409869961, 0.2591813939211534, -2.364510470745965
not linear mode
not linear mode
-34.40781421581269, -34.30908892363416, 48.79678789188347, 2632, 25.5167136641571, 10.62905514464547, -0.2015854117355586, -0.1982602265312769, 0.2827433388230887, -2.364510470745965
not linear mode
not linear mode
-34.57580205892565, -34.47430577907688, 49.0324073409027, 2652, 25.60398012675682, 10.71632160724518, -0.1679878431129544, -0.1652168554427201, 0.2356194490192252, -2.364510470745965
not linear mode
not linear mode
-34.84311294866535, -34.7401387935846, 49.40939845933348, 2681, 25.72615317439642, 10.87340123992467, -0.2673108897396965, -0.2658330145077212, 0.3769911184307801, -2.358966483710219
not linear mode
not linear mode
-35.04248770954613, -34.94062196088937, 49.69214179815656, 2704, 25.81341963699614, 10.99557428756428, -0.1993747608807886, -0.2004831673047697, 0.2827433388230816, -2.353422496674472
not linear mode
not linear mode
-35.25666343763509, -35.15960069121591, 49.99844708188157, 2730, 25.90068609959586, 11.13520062772382, -0.2141757280889584, -0.2189787303265395, 0.3063052837250098, -2.345106516120852
not linear mode
not linear mode
-35.40451813651926, -35.31161178643706, 50.21050458599888, 2745, 25.97049926967562, 11.22246709032354, -0.1478546988841666, -0.1520110952211478, 0.2120575041173041, -2.342334522602978
not linear mode
not linear mode
-35.66737093453557, -35.58185373349689, 50.58749570442965, 2776, 26.11012560983518, 11.36209343048309, -0.2628527980163086, -0.2702419470598305, 0.3769911184307801, -2.342334522602979
not linear mode
not linear mode
-35.79879733354373, -35.7169747070268, 50.77599126364504, 2793, 26.17993877991494, 11.43190660056286, -0.1314263990081542, -0.1351209735299153, 0.1884955592153901, -2.342334522602978
not linear mode
not linear mode
-35.98002294961899, -35.90226440191848, 51.03517265756619, 2815, 26.2846585350346, 11.51917306316258, -0.1812256160752663, -0.1852896948916811, 0.2591813939211534, -2.345106516120852
not linear mode
not linear mode
-36.22924140071998, -36.15286836104945, 51.38860183109505, 2845, 26.4417381677141, 11.62389281828224, -0.2492184511009857, -0.2506039591309621, 0.3534291735288519, -2.353422496674472
not linear mode
not linear mode
-36.37918869988283, -36.30281566021229, 51.60065933521236, 2865, 26.52900463031381, 11.69370598836201, -0.1499472991628451, -0.1499472991628448, 0.2120575041173112, -2.356194490192346
not linear mode
not linear mode
-36.54671791812545, -36.46849754151239, 51.8362787842316, 2887, 26.63372438543347, 11.76351915844178, -0.1675292182426269, -0.1656818813001014, 0.2356194490192323, -2.361738477228092
not linear mode
not linear mode
-36.74885213073456, -36.66619821359451, 52.11902212305468, 2912, 26.75589743307307, 11.8507856210415, -0.2021342126091104, -0.1977006720821122, 0.2827433388230816, -2.367282464263838
not linear mode
not linear mode
-36.91729730790882, -36.83094877366293, 52.35464157207391, 2933, 26.84316389567279, 11.93805208364122, -0.168445177174257, -0.1647505600684252, 0.2356194490192323, -2.367282464263838
not linear mode
not linear mode
-37.15183821344851, -37.06290340748309, 52.68450880070084, 2965, 26.94788365079245, 12.07767842380076, -0.2345409055396867, -0.231954633820151, 0.329867228626938, -2.361738477228092
not linear mode
not linear mode
-37.33459841092256, -37.24667964417912, 52.943690194622, 2990, 27.01769682087223, 12.19985147144036, -0.1827601974740529, -0.1837762366960354, 0.2591813939211534, -2.353422496674472
not linear mode
not linear mode
-37.54877413901152, -37.46565837450566, 53.249995478347, 3017, 27.10496328347194, 12.33947781159991, -0.2141757280889584, -0.2189787303265395, 0.3063052837250098, -2.345106516120852
not linear mode
not linear mode
-37.71258831412225, -37.63501433332884, 53.48561492736624, 3042, 27.17477645355171, 12.44419756671957, -0.1638141751107309, -0.1693559588231763, 0.2356194490192323, -2.339562529085104
not linear mode
not linear mode
-37.86044301300643, -37.78702542854999, 53.69767243148355, 3061, 27.26204291615143, 12.51401073679934, -0.1478546988841717, -0.1520110952211527, 0.2120575041173112, -2.342334522602979
not linear mode
not linear mode
-38.04063860562822, -37.97331698325548, 53.95685382540471, 3085, 27.34930937875115, 12.618730491919, -0.1801955926218027, -0.1862915547054922, 0.2591813939211534, -2.339562529085105
not linear mode
not linear mode
-38.17243905368297, -38.10807312499489, 54.14534938462009, 3110, 27.43657584135086, 12.67109036947883, -0.1318004480547431, -0.1347561417394086, 0.1884955592153901, -2.345106516120851
not linear mode
not linear mode
-38.33812093498308, -38.27560234323752, 54.38096883363933, 3131, 27.54129559647053, 12.74090353955861, -0.1656818813001065, -0.1675292182426318, 0.2356194490192394, -2.350650503156599
not linear mode
not linear mode
-38.47140742312782, -38.40888883138227, 54.56946439285471, 3155, 27.62856205907024, 12.79326341711843, -0.1332864881447478, -0.1332864881447476, 0.188495559215383, -2.356194490192346
not linear mode
not linear mode
-38.6217697986064, -38.55841990204286, 54.78152189697203, 3176, 27.71582852166995, 12.86307658719821, -0.1503623754785772, -0.1495310706605915, 0.2120575041173112, -2.358966483710218
not linear mode
not linear mode
-38.72256250447418, -38.6575500153085, 54.92289356638357, 3192, 27.78564169174973, 12.8979831722381, -0.1007927058677767, -0.09913011326563598, 0.1413716694115408, -2.364510470745965
not linear mode
not linear mode
-38.85695277896455, -38.78972349966268, 55.11138912559896, 3212, 27.8554548618295, 12.96779634231787, -0.1343902744903706, -0.132173484354183, 0.1884955592153901, -2.364510470745965
not linear mode
not linear mode
-38.97422323173438, -38.90570081657275, 55.27632273991241, 3231, 27.90781473938933, 13.03760951239764, -0.1172704527698332, -0.1159773169100656, 0.1649336143134548, -2.361738477228091
not linear mode
not linear mode
-39.10824660632848, -39.03824632161284, 55.46481829912779, 3254, 27.9776279094691, 13.10742268247741, -0.1340233745940995, -0.1325455050400791, 0.188495559215383, -2.361738477228092
not linear mode
not linear mode
-39.24153309447323, -39.17153280975759, 55.6533138583432, 3273, 28.02998778702893, 13.19468914507713, -0.1332864881447578, -0.1332864881447577, 0.1884955592153972, -2.356194490192345
not linear mode
not linear mode
-39.3409422232533, -39.27205034070316, 55.79468552775474, 3293, 28.06489437206882, 13.26450231515691, -0.0994091287800619, -0.1005175309455771, 0.1413716694115408, -2.350650503156599
not linear mode
not linear mode
-39.45659402206321, -39.38964183088224, 55.9596191420682, 3312, 28.11725424962865, 13.33431548523668, -0.1156517988099121, -0.1175914901790762, 0.164933614313469, -2.347878509638725
not linear mode
not linear mode
-39.57191941411111, -39.50755345490421, 56.12455275638166, 3330, 28.16961412718848, 13.40412865531645, -0.1153253920478972, -0.1179116240219793, 0.1649336143134619, -2.345106516120852
not linear mode
not linear mode
-39.67076975015216, -39.60862056120877, 56.2659244257932, 3347, 28.22197400474831, 13.45648853287628, -0.09885033604105619, -0.1010671063045551, 0.1413716694115408, -2.345106516120852
not linear mode
not linear mode
-39.76962008619322, -39.70968766751332, 56.40729609520474, 3364, 28.27433388230814, 13.50884841043611, -0.09885033604105109, -0.1010671063045502, 0.1413716694115337, -2.345106516120851
not linear mode
not linear mode
-39.88527188500312, -39.82727915769239, 56.5722297095182, 3384, 28.34414705238791, 13.56120828799594, -0.1156517988099071, -0.1175914901790711, 0.1649336143134619, -2.347878509638725
not linear mode
not linear mode
-39.96811282565318, -39.91104376681371, 56.69003943402782, 3402, 28.39650692994774, 13.59611487303583, -0.0828409406500532, -0.08376460912131595, 0.1178097245096197, -2.350650503156598
not linear mode
not linear mode
-40.06752195443323, -40.01156129775928, 56.83141110343936, 3420, 28.44886680750757, 13.64847475059566, -0.09940912878006184, -0.1005175309455771, 0.1413716694115408, -2.350650503156598
not linear mode
not linear mode
-40.18382389828036, -40.1285098120204, 56.99634471775283, 3437, 28.51867997758735, 13.70083462815549, -0.11630194384713, -0.1169485142611191, 0.164933614313469, -2.353422496674471
not linear mode
not linear mode
-40.26712795337082, -40.21181386711087, 57.11415444226244, 3454, 28.57103985514717, 13.73574121319537, -0.08330405509046606, -0.08330405509046606, 0.1178097245096126, -2.356194490192345
not linear mode
not linear mode
-40.35066260641449, -40.29488668414453, 57.23196416677207, 3471, 28.623399732707, 13.77064779823526, -0.08353465304366072, -0.0830728170336686, 0.1178097245096268, -2.358966483710218
not linear mode
not linear mode
-40.45090419006687, -40.39457406458492, 57.37333583618361, 3491, 28.67575961026684, 13.82300767579509, -0.1002415836523848, -0.09968738044039432, 0.1413716694115408, -2.358966483710218
not linear mode
not linear mode
-40.55114577371925, -40.49426144502531, 57.51470750559514, 3508, 28.72811948782667, 13.87536755335492, -0.1002415836523799, -0.0996873804403892, 0.1413716694115337, -2.358966483710219
not linear mode
not linear mode
-40.63444982880972, -40.57756550011578, 57.63251723010476, 3526, 28.76302607286655, 13.92772743091475, -0.08330405509046606, -0.08330405509046606, 0.1178097245096126, -2.356194490192345
not linear mode
not linear mode
-40.71752264584338, -40.66110015315943, 57.75032695461437, 3542, 28.79793265790644, 13.98008730847458, -0.08307281703366362, -0.08353465304365567, 0.1178097245096197, -2.353422496674472
not linear mode
not linear mode
-40.81721002628377, -40.76134173681181, 57.89169862402591, 3561, 28.85029253546627, 14.03244718603441, -0.09968738044038918, -0.1002415836523799, 0.1413716694115337, -2.353422496674471
not linear mode
not linear mode
-40.91689740672416, -40.86158332046419, 58.03307029343745, 3580, 28.90265241302609, 14.08480706359424, -0.09968738044039419, -0.1002415836523849, 0.1413716694115408, -2.353422496674471
not linear mode
not linear mode
-40.99973834737422, -40.94534792958552, 58.15088001794708, 3601, 28.93755899806599, 14.13716694115407, -0.08284094065005824, -0.08376460912132098, 0.1178097245096268, -2.350650503156599
not linear mode
not linear mode
-41.09914747615428, -41.04586546053109, 58.29225168735862, 3621, 28.98991887562582, 14.1895268187139, -0.0994091287800619, -0.1005175309455771, 0.1413716694115408, -2.350650503156599
not linear mode
not linear mode
-41.19855660493434, -41.14638299147667, 58.43362335677016, 3643, 29.04227875318565, 14.24188669627373, -0.0994091287800619, -0.1005175309455771, 0.1413716694115408, -2.350650503156599
not linear mode
not linear mode
-41.2979657337144, -41.24690052242224, 58.5749950261817, 3662, 29.09463863074548, 14.29424657383356, -0.09940912878006179, -0.1005175309455772, 0.1413716694115408, -2.350650503156598
not linear mode
not linear mode
-41.38103855074807, -41.33043517546589, 58.69280475069132, 3682, 29.1469985083053, 14.32915315887344, -0.08307281703366359, -0.08353465304365571, 0.1178097245096197, -2.353422496674472
not linear mode
not linear mode
-41.48072593118846, -41.43067675911828, 58.83417642010286, 3701, 29.19935838586513, 14.38151303643328, -0.0996873804403943, -0.1002415836523848, 0.1413716694115408, -2.353422496674472
not linear mode
not linear mode
-41.56402998627892, -41.51398081420875, 58.95198614461247, 3718, 29.25171826342496, 14.41641962147316, -0.08330405509046606, -0.08330405509046606, 0.1178097245096126, -2.356194490192345
not linear mode
not linear mode
-41.64710280331259, -41.59751546725239, 59.06979586912208, 3736, 29.28662484846485, 14.46877949903299, -0.08307281703365852, -0.0835346530436507, 0.1178097245096126, -2.353422496674471
not linear mode
not linear mode
-41.71356105693952, -41.66434318968732, 59.16404364872978, 3753, 29.32153143350474, 14.50368608407288, -0.06645825362693291, -0.06682772243492656, 0.09424777960769859, -2.353422496674472
not linear mode
not linear mode
-41.79686511202999, -41.7476472447778, 59.28185337323941, 3772, 29.37389131106457, 14.53859266911277, -0.08330405509047619, -0.08330405509047605, 0.1178097245096268, -2.356194490192346
not linear mode
not linear mode
-41.87993792906365, -41.83118189782145, 59.39966309774903, 3792, 29.40879789610445, 14.59095254667259, -0.08307281703365856, -0.08353465304365068, 0.1178097245096126, -2.353422496674472
not linear mode
not linear mode
-41.96324198415412, -41.91448595291191, 59.51747282225863, 3809, 29.46115777366428, 14.62585913171248, -0.0833040550904661, -0.08330405509046603, 0.1178097245096126, -2.356194490192345
not linear mode
not linear mode
-42.0298852282265, -41.98112919698429, 59.61172060186634, 3826, 29.49606435870417, 14.66076571675237, -0.06664324407237887, -0.06664324407237888, 0.09424777960769859, -2.356194490192345
not linear mode
not linear mode
-42.11295804526016, -42.06466385002795, 59.72953032637595, 3846, 29.53097094374406, 14.7131255943122, -0.08307281703366355, -0.08353465304365574, 0.1178097245096197, -2.353422496674471
not linear mode
not linear mode
-42.17941629888709, -42.13149157246287, 59.82377810598364, 3864, 29.56587752878395, 14.74803217935208, -0.06645825362692288, -0.06682772243491648, 0.09424777960768438, -2.353422496674472
not linear mode
not linear mode
-42.26225723953713, -42.21525618158418, 59.94158783049325, 3882, 29.60078411382383, 14.80039205691192, -0.08284094065004821, -0.0837646091213109, 0.1178097245096126, -2.350650503156598
not linear mode
not linear mode
-42.32852999205718, -42.28226786888123, 60.03583561010095, 3901, 29.63569069886372, 14.8352986419518, -0.0662727525200446, -0.06701168729705476, 0.09424777960769859, -2.350650503156599
not linear mode
not linear mode
-42.41113841977855, -42.36626179043771, 60.15364533461057, 3921, 29.6705972839036, 14.88765851951163, -0.08260842772136501, -0.08399392155648229, 0.1178097245096197, -2.347878509638725
not linear mode
not linear mode
-42.4939793604286, -42.45002639955903, 60.27145505912019, 3940, 29.72295716146343, 14.92256510455152, -0.08284094065005316, -0.08376460912131598, 0.1178097245096197, -2.350650503156598
not linear mode
not linear mode
-42.56025211294864, -42.51703808685608, 60.36570283872789, 3956, 29.75786374650332, 14.9574716895914, -0.06627275252004462, -0.06701168729705474, 0.09424777960769859, -2.350650503156599
not linear mode
not linear mode
-42.62652486546869, -42.58404977415313, 60.45995061833558, 3974, 29.79277033154321, 14.99237827463129, -0.0662727525200396, -0.0670116872970497, 0.09424777960769148, -2.350650503156599
not linear mode
not linear mode
-42.70959768250235, -42.66758442719679, 60.5777603428452, 3995, 29.84513020910304, 15.02728485967118, -0.08307281703366362, -0.08353465304365567, 0.1178097245096197, -2.353422496674472
not linear mode
not linear mode
-42.75958011555662, -42.71756686025106, 60.64844617755096, 4012, 29.88003679414292, 15.04473815219112, -0.04998243305427662, -0.04998243305427663, 0.07068583470576328, -2.356194490192345
not linear mode
not linear mode
-42.82622335962899, -42.78421010432343, 60.74269395715865, 4032, 29.91494337918281, 15.07964473723101, -0.06664324407236882, -0.06664324407236883, 0.09424777960768438, -2.356194490192345
not linear mode
not linear mode
-42.92618822573756, -42.88417497043199, 60.88406562657019, 4054, 29.96730325674264, 15.13200461479084, -0.0999648661085633, -0.09996486610856332, 0.1413716694115408, -2.356194490192345
not linear mode
not linear mode
-42.99283146980994, -42.95081821450438, 60.9783134061779, 4072, 30.00220984178253, 15.16691119983073, -0.06664324407238897, -0.0666432440723889, 0.0942477796077128, -2.356194490192345
not linear mode
not linear mode
-43.05947471388231, -43.01746145857675, 61.07256118578558, 4092, 30.03711642682241, 15.20181778487061, -0.06664324407236887, -0.06664324407236881, 0.09424777960768438, -2.356194490192345
not linear mode
not linear mode
-43.10931840410251, -43.06758225040294, 61.14324702049135, 4110, 30.05456971934235, 15.2367243699105, -0.04984369022019713, -0.05012079182619243, 0.07068583470577039, -2.353422496674471
not linear mode
not linear mode
-43.17577665772944, -43.13440997283787, 61.23749480009906, 4126, 30.08947630438224, 15.27163095495038, -0.06645825362693291, -0.06682772243492656, 0.09424777960769859, -2.353422496674472
not linear mode
not linear mode
-43.24223491135637, -43.2012376952728, 61.33174257970675, 4147, 30.12438288942213, 15.30653753999027, -0.06645825362692782, -0.06682772243492158, 0.09424777960769148, -2.353422496674471
not linear mode
not linear mode
-43.3086931649833, -43.26806541770772, 61.42599035931443, 4164, 30.15928947446202, 15.34144412503016, -0.06645825362692786, -0.06682772243492154, 0.09424777960769148, -2.353422496674472
not linear mode
not linear mode
-43.35839772937333, -43.31832418318051, 61.4966761940202, 4182, 30.17674276698196, 15.37635071007005, -0.04970456439003089, -0.05025876547278858, 0.07068583470577039, -2.350650503156598
not linear mode
not linear mode
-43.42467048189337, -43.38533587047755, 61.5909239736279, 4202, 30.21164935202185, 15.41125729510993, -0.0662727525200396, -0.0670116872970497, 0.09424777960769148, -2.350650503156599
not linear mode
not linear mode
-43.49094323441341, -43.45234755777461, 61.6851717532356, 4219, 30.24655593706173, 15.44616388014982, -0.06627275252004452, -0.06701168729705481, 0.09424777960769859, -2.350650503156598
not linear mode
not linear mode
-43.54050829104623, -43.5027439107085, 61.75585758794137, 4237, 30.26400922958167, 15.48107046518971, -0.04956505663281801, -0.05039635293388836, 0.07068583470577039, -2.347878509638725
not linear mode
not linear mode
-43.59021285543626, -43.55300267618129, 61.82654342264714, 4255, 30.29891581462156, 15.49852375770965, -0.04970456439003089, -0.05025876547278858, 0.07068583470577039, -2.350650503156598
not linear mode
not linear mode
-43.64005654565647, -43.60312346800749, 61.89722925735291, 4274, 30.33382239966145, 15.51597705022959, -0.04984369022019717, -0.05012079182619241, 0.07068583470577039, -2.353422496674472
not linear mode
not linear mode
-43.7065147992834, -43.66995119044241, 61.9914770369606, 4293, 30.36872898470134, 15.55088363526948, -0.06645825362693287, -0.06682772243492659, 0.09424777960769859, -2.353422496674472
not linear mode
not linear mode
-43.77297305291032, -43.73677891287733, 62.08572481656829, 4311, 30.40363556974122, 15.58579022030936, -0.06645825362692285, -0.06682772243491652, 0.09424777960768438, -2.353422496674472
not linear mode
not linear mode
-43.8229554859646, -43.78676134593161, 62.15641065127406, 4329, 30.43854215478111, 15.60324351282931, -0.04998243305428165, -0.04998243305428166, 0.07068583470577039, -2.356194490192345
not linear mode
not linear mode
-43.87307627779079, -43.83660503615181, 62.22709648597983, 4346, 30.473448739821, 15.62069680534925, -0.05012079182619246, -0.04984369022019711, 0.07068583470577039, -2.358966483710219
not linear mode
not linear mode
-43.93990400022573, -43.90306328977874, 62.32134426558753, 4364, 30.50835532486088, 15.65560339038914, -0.06682772243492661, -0.06645825362693285, 0.09424777960769859, -2.358966483710218
not linear mode
not linear mode
-43.98988643328001, -43.95304572283303, 62.3920301002933, 4382, 30.52580861738083, 15.69050997542902, -0.04998243305428167, -0.04998243305428163, 0.07068583470577039, -2.356194490192345
not linear mode
not linear mode
-44.0397301235002, -44.00316651465921, 62.46271593499906, 4402, 30.54326190990077, 15.72541656046891, -0.04984369022019211, -0.05012079182618741, 0.07068583470576328, -2.353422496674471
not linear mode
not linear mode
-44.10618837712714, -44.06999423709414, 62.55696371460676, 4420, 30.57816849494066, 15.7603231455088, -0.06645825362693291, -0.06682772243492656, 0.09424777960769859, -2.353422496674472
not linear mode
not linear mode
-44.17264663075406, -44.13682195952906, 62.65121149421445, 4444, 30.61307507998054, 15.79522973054868, -0.06645825362692288, -0.06682772243491648, 0.09424777960768438, -2.353422496674472
not linear mode
not linear mode
-44.2223511951441, -44.18708072500186, 62.72189732892024, 4463, 30.63052837250048, 15.83013631558857, -0.04970456439004092, -0.05025876547279866, 0.0706858347057846, -2.350650503156598
not linear mode
not linear mode
-44.25548757140411, -44.22058656865038, 62.76902121872407, 4482, 30.64798166502043, 15.84758960810851, -0.03313637626001229, -0.03350584364851729, 0.04712388980383508, -2.350650503156598
not linear mode
not linear mode
-44.32176032392415, -44.28759825594744, 62.86326899833178, 4501, 30.68288825006031, 15.8824961931484, -0.06627275252004956, -0.06701168729705984, 0.0942477796077057, -2.350650503156598
not linear mode
not linear mode
-44.37160401414435, -44.33771904777363, 62.93395483303755, 4520, 30.7177948351002, 15.89994948566834, -0.04984369022019715, -0.05012079182619242, 0.07068583470577039, -2.353422496674472
not linear mode
not linear mode
-44.42130857853439, -44.38797781324642, 63.00464066774332, 4536, 30.73524812762015, 15.93485607070823, -0.04970456439003092, -0.05025876547278855, 0.07068583470577039, -2.350650503156598
not linear mode
not linear mode
-44.45444495479441, -44.42148365689494, 63.05176455754715, 4555, 30.75270142014009, 15.95230936322817, -0.0331363762600173, -0.03350584364852232, 0.04712388980384219, -2.350650503156599
not linear mode
not linear mode
-44.5042886450146, -44.47160444872114, 63.12245039225292, 4574, 30.78760800517998, 15.96976265574812, -0.04984369022019715, -0.05012079182619242, 0.07068583470577039, -2.353422496674472
not linear mode
not linear mode
-44.55427107806888, -44.52158688177541, 63.19313622695869, 4591, 30.82251459021986, 15.98721594826806, -0.04998243305427662, -0.04998243305427663, 0.07068583470576328, -2.356194490192345
not linear mode
not linear mode
-44.62091432214126, -44.58823012584779, 63.2873840065664, 4614, 30.85742117525975, 16.02212253330794, -0.06664324407238396, -0.06664324407238386, 0.0942477796077057, -2.356194490192346
not linear mode
not linear mode
-44.65423594417744, -44.62155174788397, 63.33450789637023, 4634, 30.87487446777969, 16.03957582582789, -0.03332162203617939, -0.03332162203617939, 0.04712388980383508, -2.356194490192345
not linear mode
not linear mode
-44.70407963439764, -44.67167253971017, 63.405193731076, 4652, 30.89232776029963, 16.07448241086778, -0.04984369022020213, -0.05012079182619748, 0.07068583470577749, -2.353422496674471
not linear mode
not linear mode
-44.75406206745191, -44.72165497276444, 63.47587956578177, 4670, 30.92723434533952, 16.09193570338772, -0.04998243305427662, -0.04998243305427663, 0.07068583470576328, -2.356194490192345
not linear mode
not linear mode
-44.80390575767212, -44.77177576459065, 63.54656540048755, 4690, 30.94468763785946, 16.12684228842761, -0.04984369022020715, -0.05012079182620251, 0.0706858347057846, -2.353422496674471
not linear mode
not linear mode
-44.88674669832217, -44.85554037371196, 63.66437512499717, 4723, 30.97959422289935, 16.17920216598743, -0.08284094065004821, -0.0837646091213109, 0.1178097245096126, -2.350650503156598
not linear mode
not linear mode
-44.9198830745822, -44.88904621736048, 63.71149901480102, 4743, 30.9970475154193, 16.19665545850738, -0.03313637626002228, -0.03350584364852739, 0.04712388980384929, -2.350650503156598
not linear mode
not linear mode
-44.96972676480239, -44.93916700918667, 63.78218484950678, 4765, 31.03195410045918, 16.21410875102732, -0.04984369022019211, -0.05012079182618741, 0.07068583470576328, -2.353422496674471
not linear mode
not linear mode
-45.01943132919243, -44.98942577465947, 63.85287068421256, 4786, 31.04940739297913, 16.24901533606721, -0.04970456439004092, -0.05025876547279866, 0.0706858347057846, -2.350650503156598
not linear mode
not linear mode
-45.06927501941262, -45.03954656648565, 63.92355651891832, 4808, 31.08431397801901, 16.26646862858715, -0.0498436902201871, -0.05012079182618237, 0.07068583470575618, -2.353422496674471
not linear mode
not linear mode
-45.10250414622609, -45.07296042770312, 63.97068040872218, 4830, 31.10176727053895, 16.28392192110709, -0.03322912681347146, -0.03341386121746832, 0.0471238898038564, -2.353422496674472
not linear mode
not linear mode
-45.16896239985301, -45.13978815013803, 64.06492818832986, 4856, 31.13667385557884, 16.31882850614698, -0.06645825362692282, -0.06682772243491653, 0.09424777960768438, -2.353422496674471
not linear mode
not linear mode
-45.21894483290729, -45.18977058319232, 64.13561402303563, 4874, 31.17158044061872, 16.33628179866693, -0.04998243305428165, -0.04998243305428166, 0.07068583470577039, -2.356194490192345
not linear mode
not linear mode
-45.25226645494348, -45.2230922052285, 64.18273791283948, 4893, 31.18903373313867, 16.35373509118687, -0.03332162203618443, -0.03332162203618441, 0.04712388980384219, -2.356194490192345
not linear mode
not linear mode
-45.30211014516367, -45.27321299705469, 64.25342374754525, 4915, 31.20648702565861, 16.38864167622676, -0.04984369022019713, -0.05012079182619243, 0.07068583470577039, -2.353422496674471
not linear mode
not linear mode
-45.36856839879061, -45.34004071948963, 64.34767152715295, 4943, 31.2413936106985, 16.42354826126664, -0.06645825362693291, -0.06682772243492656, 0.09424777960769859, -2.353422496674472
not linear mode
not linear mode
-45.40179752560407, -45.37345458070709, 64.39479541695679, 4966, 31.25884690321844, 16.44100155378658, -0.03322912681346141, -0.03341386121745827, 0.04712388980384219, -2.353422496674471
not linear mode
not linear mode
-45.43502665241754, -45.40686844192455, 64.44191930676064, 4983, 31.27630019573839, 16.45845484630653, -0.03322912681347146, -0.03341386121746832, 0.0471238898038564, -2.353422496674472
not linear mode
not linear mode
-45.50148490604446, -45.47369616435947, 64.53616708636833, 5021, 31.31120678077827, 16.49336143134641, -0.06645825362692288, -0.06682772243491648, 0.09424777960768438, -2.353422496674472
not linear mode
not linear mode
-45.55118947043449, -45.52395492983226, 64.6068529210741, 5041, 31.32866007329822, 16.5282680163863, -0.04970456439003095, -0.05025876547278854, 0.07068583470577039, -2.350650503156599
not linear mode
not linear mode
-45.58432584669452, -45.55746077348079, 64.65397681087795, 5061, 31.34611336581816, 16.54572130890624, -0.03313637626002728, -0.03350584364853244, 0.0471238898038564, -2.350650503156598
not linear mode
not linear mode
-45.61746222295453, -45.59096661712931, 64.7011007006818, 5084, 31.3635666583381, 16.56317460142619, -0.03313637626001729, -0.03350584364852234, 0.04712388980384219, -2.350650503156598
not linear mode
not linear mode
-45.65059859921456, -45.62447246077785, 64.74822459048565, 5102, 31.38101995085805, 16.58062789394613, -0.0331363762600273, -0.03350584364853243, 0.0471238898038564, -2.350650503156599
not linear mode
not linear mode
-45.70044228943476, -45.67459325260404, 64.81891042519142, 5130, 31.41592653589793, 16.59808118646608, -0.04984369022019713, -0.05012079182619243, 0.07068583470577039, -2.353422496674471
not linear mode
not linear mode
-45.75042472248905, -45.72457568565833, 64.88959625989719, 5151, 31.45083312093782, 16.61553447898602, -0.04998243305428165, -0.04998243305428166, 0.07068583470577039, -2.356194490192345
not linear mode
not linear mode
-45.78374634452523, -45.75789730769451, 64.93672014970103, 5173, 31.46828641345776, 16.63298777150596, -0.03332162203618443, -0.03332162203618441, 0.04712388980384219, -2.356194490192345
not linear mode
not linear mode
-45.81706796656142, -45.7912189297307, 64.98384403950489, 5192, 31.48573970597771, 16.65044106402591, -0.03332162203619448, -0.03332162203619445, 0.0471238898038564, -2.356194490192345
not linear mode
not linear mode
-45.88371121063379, -45.85786217380307, 65.07809181911258, 5226, 31.52064629101759, 16.68534764906579, -0.06664324407236887, -0.06664324407236881, 0.09424777960768438, -2.356194490192345
not linear mode
not linear mode
-45.933554900854, -45.90798296562927, 65.14877765381835, 5260, 31.53809958353754, 16.72025423410568, -0.04984369022019717, -0.05012079182619241, 0.07068583470577039, -2.353422496674472
not linear mode
not linear mode
-45.96678402766745, -45.94139682684673, 65.19590154362219, 5280, 31.55555287605748, 16.73770752662562, -0.03322912681346141, -0.03341386121745827, 0.04712388980384219, -2.353422496674471
not linear mode
not linear mode
-46.01648859205748, -45.99165559231952, 65.26658737832796, 5304, 31.57300616857742, 16.77261411166551, -0.04970456439003092, -0.05025876547278855, 0.07068583470577039, -2.350650503156598
not linear mode
not linear mode
-46.0496249683175, -46.02516143596804, 65.3137112681318, 5330, 31.59045946109736, 16.79006740418545, -0.03313637626001726, -0.03350584364852236, 0.04712388980384219, -2.350650503156598
not linear mode
not linear mode
-46.08276134457753, -46.05866727961656, 65.36083515793564, 5351, 31.60791275361731, 16.80752069670539, -0.03313637626001729, -0.03350584364852234, 0.04712388980384219, -2.350650503156598
not linear mode
not linear mode
-46.11589772083755, -46.0921731232651, 65.4079590477395, 5373, 31.62536604613726, 16.82497398922534, -0.03313637626002728, -0.03350584364853244, 0.0471238898038564, -2.350650503156598
not linear mode
not linear mode
-46.14903409709757, -46.12567896691361, 65.45508293754335, 5395, 31.64281933865719, 16.84242728174528, -0.03313637626001726, -0.03350584364852236, 0.04712388980384219, -2.350650503156598
not linear mode
not linear mode
-46.18217047335758, -46.15918481056213, 65.50220682734718, 5417, 31.66027263117714, 16.85988057426522, -0.03313637626001729, -0.03350584364852234, 0.04712388980384219, -2.350650503156598
not linear mode
not linear mode
-46.19878503676431, -46.17589174117087, 65.52576877224912, 5433, 31.67772592369708, 16.85988057426522, -0.01661456340673573, -0.01670693060873416, 0.0235619449019282, -2.353422496674472
not linear mode
not linear mode
-46.23201416357777, -46.20930560238833, 65.57289266205295, 5452, 31.69517921621702, 16.87733386678516, -0.03322912681346141, -0.03341386121745827, 0.04712388980384219, -2.353422496674471
not linear mode
not linear mode
-46.24867497459587, -46.22596641340643, 65.59645460695489, 5472, 31.71263250873697, 16.87733386678516, -0.01666081101809724, -0.01666081101809723, 0.0235619449019282, -2.356194490192345
not linear mode
not linear mode
-46.28199659663207, -46.25928803544262, 65.64357849675874, 5490, 31.73008580125691, 16.89478715930511, -0.03332162203619448, -0.03332162203619445, 0.0471238898038564, -2.356194490192345
not linear mode
not linear mode
-46.31531821866825, -46.29260965747881, 65.69070238656258, 5506, 31.74753909377686, 16.91224045182505, -0.03332162203618443, -0.03332162203618441, 0.04712388980384219, -2.356194490192345
not linear mode
not linear mode
-46.34863984070444, -46.32593127951499, 65.73782627636643, 5530, 31.7649923862968, 16.929693744345, -0.03332162203618443, -0.03332162203618441, 0.04712388980384219, -2.356194490192345
not linear mode
not linear mode
-46.36525440411117, -46.34263821012373, 65.76138822126835, 5546, 31.7649923862968, 16.94714703686494, -0.01661456340673571, -0.01670693060873417, 0.0235619449019282, -2.353422496674471
not linear mode
not linear mode
-46.39848353092463, -46.37605207134119, 65.8085121110722, 5566, 31.78244567881674, 16.96460032938488, -0.03322912681346141, -0.03341386121745827, 0.04712388980384219, -2.353422496674471
not linear mode
not linear mode
-46.41505171905465, -46.39280499316545, 65.83207405597412, 5583, 31.78244567881674, 16.98205362190483, -0.01656818813001364, -0.01675292182426622, 0.0235619449019282, -2.350650503156598
not linear mode
not linear mode
-46.43166628246138, -46.40951192377418, 65.85563600087605, 5602, 31.79989897133669, 16.98205362190483, -0.01661456340673573, -0.01670693060873416, 0.0235619449019282, -2.353422496674472
not linear mode
not linear mode
-46.4813708468514, -46.45977068924696, 65.9263218355818, 5621, 31.81735226385663, 17.01696020694471, -0.04970456439002094, -0.05025876547277845, 0.07068583470575618, -2.350650503156598
